00000000,11000,1122
00000000,12000,1104
00000000,13000,1013
00000000,100000,10040
00000000,100100,10040
00000000,100200,10040
00000000,100300,10040
00000000,100400,10040
00000000,100500,10040
00000000,100600,10040
00000000,100700,10040
00000000,100800,10040
00000000,100900,10040
00000000,101000,10040
00000000,1000000,10000
00000000,1000100,10000
00000000,1000200,10000
00000000,1000300,10000
00000000,1000400,10000
00000000,1000500,10000
00000000,1000600,10000
00000000,1000700,10000
00000000,1000800,10000
00000000,1000900,10000
00000000,1001000,10000
00000000,1001100,10000
00000000,1001200,10000
00000000,1010000,10001
00000000,1020000,10002
00000000,1020100,10002
00000000,1020200,10002
00000000,1020300,10002
00000000,1020400,10002
00000000,1020500,10002
00000000,1020600,10002
00000000,1020700,10002
00000000,1020800,10002
00000000,1020900,10002
00000000,1021000,10002
00000000,1021100,10002
00000000,1021200,10002
00000000,1030000,10003
00000000,1030100,10003
00000000,1030200,10003
00000000,1030300,10003
00000000,1030400,10003
00000000,1030500,10003
00000000,1030600,10003
00000000,1030700,10003
00000000,1030800,10003
00000000,1030900,10003
00000000,1031000,10003
00000000,1031100,10003
00000000,1031200,10003
00000000,1040000,10004
00000000,1050000,10005
00000000,1060000,10006
00000000,1060100,10006
00000000,1060200,10006
00000000,1060300,10006
00000000,1060400,10006
00000000,1060500,10006
00000000,1060600,10006
00000000,1060700,10006
00000000,1060800,10006
00000000,1060900,10006
00000000,1061000,10006
00000000,1061100,10006
00000000,1061200,10006
00000000,1070000,10007
00000000,1080000,10008
00000000,1090000,10009
00000000,1090100,10009
00000000,1090200,10009
00000000,1090300,10009
00000000,1090400,10009
00000000,1090500,10009
00000000,1090600,10009
00000000,1090700,10009
00000000,1090800,10009
00000000,1090900,10009
00000000,1091000,10009
00000000,1091100,10009
00000000,1091200,10009
00000000,1100000,10010
00000000,1100100,10010
00000000,1100200,10010
00000000,1100300,10010
00000000,1100400,10010
00000000,1100500,10010
00000000,1100600,10010
00000000,1100700,10010
00000000,1100800,10010
00000000,1100900,10010
00000000,1101000,10010
00000000,1101100,10010
00000000,1101200,10010
00000000,1110000,10011
00000000,1130000,10013
00000000,1140000,10014
00000000,1140100,10014
00000000,1140200,10014
00000000,1140300,10014
00000000,1140400,10014
00000000,1140500,10014
00000000,1140600,10014
00000000,1140700,10014
00000000,1140800,10014
00000000,1140900,10014
00000000,1141000,10014
00000000,1141100,10014
00000000,1141200,10014
00000000,1150000,10015
00000000,1150100,10015
00000000,1150200,10015
00000000,1150300,10015
00000000,1150400,10015
00000000,1150500,10015
00000000,1150600,10015
00000000,1150700,10015
00000000,1150800,10015
00000000,1150900,10015
00000000,1151000,10015
00000000,1151100,10015
00000000,1151200,10015
00000000,1160000,10016
00000000,1190000,10016
00000000,1910000,10004
00000000,2000000,10040
00000000,2000100,10040
00000000,2000200,10040
00000000,2000300,10040
00000000,2000400,10040
00000000,2000500,10040
00000000,2000600,10040
00000000,2000700,10040
00000000,2000800,10040
00000000,2000900,10040
00000000,2001000,10040
00000000,2001100,10040
00000000,2001200,10040
00000000,2010000,10041
00000000,2010100,10041
00000000,2010200,10041
00000000,2010300,10041
00000000,2010400,10041
00000000,2010500,10041
00000000,2010600,10041
00000000,2010700,10041
00000000,2010800,10041
00000000,2010900,10041
00000000,2011000,10041
00000000,2011100,10041
00000000,2011200,10041
00000000,2020000,10042
00000000,2020100,10042
00000000,2020200,10042
00000000,2020300,10042
00000000,2020400,10042
00000000,2020500,10042
00000000,2020600,10042
00000000,2020700,10042
00000000,2020800,10042
00000000,2020900,10042
00000000,2021000,10042
00000000,2021100,10042
00000000,2021200,10042
00000000,2040000,10044
00000000,2040100,10044
00000000,2040200,10044
00000000,2040300,10044
00000000,2040400,10044
00000000,2040500,10044
00000000,2040600,10044
00000000,2040700,10044
00000000,2040800,10044
00000000,2040900,10044
00000000,2041000,10044
00000000,2041100,10044
00000000,2041200,10044
00000000,2050000,10045
00000000,2050100,10045
00000000,2050200,10045
00000000,2050300,10045
00000000,2050400,10045
00000000,2050500,10045
00000000,2050600,10045
00000000,2050700,10045
00000000,2050800,10045
00000000,2050900,10045
00000000,2051000,10045
00000000,2051100,10045
00000000,2051200,10045
00000000,2060000,10046
00000000,2070000,10047
00000000,2080000,10048
00000000,2090000,10049
00000000,2092000,10049
00000000,2110000,10051
00000000,2140000,10053
00000000,2150000,10054
00000000,2180000,10057
00000000,2190000,10058
00000000,2200000,10059
00000000,2210000,10060
00000000,2210100,10060
00000000,2210200,10060
00000000,2210300,10060
00000000,2210400,10060
00000000,2210500,10060
00000000,2210600,10060
00000000,2210700,10060
00000000,2210800,10060
00000000,2210900,10060
00000000,2211000,10060
00000000,2211100,10060
00000000,2211200,10060
00000000,2220000,10061
00000000,2230000,10062
00000000,2230100,10062
00000000,2230200,10062
00000000,2230300,10062
00000000,2230400,10062
00000000,2230500,10062
00000000,2230600,10062
00000000,2230700,10062
00000000,2230800,10062
00000000,2230900,10062
00000000,2231000,10062
00000000,2231100,10062
00000000,2231200,10062
00000000,2240000,10063
00000000,2240100,10063
00000000,2240200,10063
00000000,2240300,10063
00000000,2240400,10063
00000000,2240500,10063
00000000,2240600,10063
00000000,2240700,10063
00000000,2240800,10063
00000000,2240900,10063
00000000,2241000,10063
00000000,2241100,10063
00000000,2241200,10063
00000000,2250000,10064
00000000,2260000,10065
00000000,3000000,10080
00000000,3000100,10080
00000000,3000200,10080
00000000,3000300,10080
00000000,3000400,10080
00000000,3000500,10080
00000000,3000600,10080
00000000,3000700,10080
00000000,3000800,10080
00000000,3000900,10080
00000000,3001000,10080
00000000,3001100,10080
00000000,3001200,10080
00000000,3010000,10081
00000000,3010100,10081
00000000,3010200,10081
00000000,3010300,10081
00000000,3010400,10081
00000000,3010500,10081
00000000,3010600,10081
00000000,3010700,10081
00000000,3010800,10081
00000000,3010900,10081
00000000,3011000,10081
00000000,3011100,10081
00000000,3011200,10081
00000000,3020000,10082
00000000,3020100,10082
00000000,3020200,10082
00000000,3020300,10082
00000000,3020400,10082
00000000,3020500,10082
00000000,3020600,10082
00000000,3020700,10082
00000000,3020800,10082
00000000,3020900,10082
00000000,3021000,10082
00000000,3021100,10082
00000000,3021200,10082
00000000,3030000,10083
00000000,3030100,10083
00000000,3030200,10083
00000000,3030300,10083
00000000,3030400,10083
00000000,3030500,10083
00000000,3030600,10083
00000000,3030700,10083
00000000,3030800,10083
00000000,3030900,10083
00000000,3031000,10083
00000000,3031100,10083
00000000,3031200,10083
00000000,3040000,10084
00000000,3040100,10084
00000000,3040200,10084
00000000,3040300,10084
00000000,3040400,10084
00000000,3040500,10084
00000000,3040600,10084
00000000,3040700,10084
00000000,3040800,10084
00000000,3040900,10084
00000000,3041000,10084
00000000,3041100,10084
00000000,3041200,10084
00000000,3050000,10085
00000000,3050100,10085
00000000,3050200,10085
00000000,3050300,10085
00000000,3050400,10085
00000000,3050500,10085
00000000,3050600,10085
00000000,3050700,10085
00000000,3050800,10085
00000000,3050900,10085
00000000,3051000,10085
00000000,3051100,10085
00000000,3051200,10085
00000000,3060000,10086
00000000,3070000,10087
00000000,3080000,10088
00000000,3080100,10088
00000000,3080200,10088
00000000,3080300,10088
00000000,3080400,10088
00000000,3080500,10088
00000000,3080600,10088
00000000,3080700,10088
00000000,3080800,10088
00000000,3080900,10088
00000000,3081000,10088
00000000,3081100,10088
00000000,3081200,10088
00000000,3090000,10089
00000000,3100000,10090
00000000,3130000,10093
00000000,3140000,10094
00000000,3150000,10095
00000000,3160000,10096
00000000,3170000,10097
00000000,3180000,10098
00000000,3180100,10098
00000000,3180200,10098
00000000,3180300,10098
00000000,3180400,10098
00000000,3180500,10098
00000000,3180600,10098
00000000,3180700,10098
00000000,3180800,10098
00000000,3180900,10098
00000000,3181000,10098
00000000,3181100,10098
00000000,3181200,10098
00000000,3190000,10099
00000000,3190100,10099
00000000,3190200,10099
00000000,3190300,10099
00000000,3190400,10099
00000000,3190500,10099
00000000,3190600,10099
00000000,3190700,10099
00000000,3190800,10099
00000000,3190900,10099
00000000,3191000,10099
00000000,3191100,10099
00000000,3191200,10099
00000000,3200000,10100
00000000,3210000,10101
00000000,3220000,10096
00000000,3900000,10085
00000000,4000000,10120
00000000,4000100,10120
00000000,4000200,10120
00000000,4000300,10120
00000000,4000400,10120
00000000,4000500,10120
00000000,4000600,10120
00000000,4000700,10120
00000000,4000800,10120
00000000,4000900,10120
00000000,4001000,10120
00000000,4001100,10120
00000000,4001200,10120
00000000,4010000,10121
00000000,4010100,10121
00000000,4010200,10121
00000000,4010300,10121
00000000,4010400,10121
00000000,4010500,10121
00000000,4010600,10121
00000000,4010700,10121
00000000,4010800,10121
00000000,4010900,10121
00000000,4011000,10121
00000000,4011100,10121
00000000,4011200,10121
00000000,4020000,10122
00000000,4030000,10123
00000000,4030100,10123
00000000,4030200,10123
00000000,4030300,10123
00000000,4030400,10123
00000000,4030500,10123
00000000,4030600,10123
00000000,4030700,10123
00000000,4030800,10123
00000000,4030900,10123
00000000,4031000,10123
00000000,4031100,10123
00000000,4031200,10123
00000000,4040000,10124
00000000,4040100,10124
00000000,4040200,10124
00000000,4040300,10124
00000000,4040400,10124
00000000,4040500,10124
00000000,4040600,10124
00000000,4040700,10124
00000000,4040800,10124
00000000,4040900,10124
00000000,4041000,10124
00000000,4041100,10124
00000000,4041200,10124
00000000,4050000,10125
00000000,4060000,10126
00000000,4070000,10127
00000000,4080000,10128
00000000,4100000,10130
00000000,4110000,10132
00000000,4900000,10124
00000000,4910000,10127
00000000,5000000,10160
00000000,5000100,10160
00000000,5000200,10160
00000000,5000300,10160
00000000,5000400,10160
00000000,5000500,10160
00000000,5000600,10160
00000000,5000700,10160
00000000,5000800,10160
00000000,5000900,10160
00000000,5001000,10160
00000000,5001100,10160
00000000,5001200,10160
00000000,5010000,10161
00000000,5010100,10161
00000000,5010200,10161
00000000,5010300,10161
00000000,5010400,10161
00000000,5010500,10161
00000000,5010600,10161
00000000,5010700,10161
00000000,5010800,10161
00000000,5010900,10161
00000000,5011000,10161
00000000,5011100,10161
00000000,5011200,10161
00000000,5020000,10162
00000000,5020100,10162
00000000,5020200,10162
00000000,5020300,10162
00000000,5020400,10162
00000000,5020500,10162
00000000,5020600,10162
00000000,5020700,10162
00000000,5020800,10162
00000000,5020900,10162
00000000,5021000,10162
00000000,5021100,10162
00000000,5021200,10162
00000000,5030000,10163
00000000,5030100,10163
00000000,5030200,10163
00000000,5030300,10163
00000000,5030400,10163
00000000,5030500,10163
00000000,5030600,10163
00000000,5030700,10163
00000000,5030800,10163
00000000,5030900,10163
00000000,5031000,10163
00000000,5031100,10163
00000000,5031200,10163
00000000,5040000,10164
00000000,5040100,10164
00000000,5040200,10164
00000000,5040300,10164
00000000,5040400,10164
00000000,5040500,10164
00000000,5040600,10164
00000000,5040700,10164
00000000,5040800,10164
00000000,5040900,10164
00000000,5041000,10164
00000000,5041100,10164
00000000,5041200,10164
00000000,5050000,10165
00000000,5060000,10166
00000000,5060100,10166
00000000,5060200,10166
00000000,5060300,10166
00000000,5060400,10166
00000000,5060500,10166
00000000,5060600,10166
00000000,5060700,10166
00000000,5060800,10166
00000000,5060900,10166
00000000,5061000,10166
00000000,5061100,10166
00000000,5061200,10166
00000000,6000000,10200
00000000,6010000,10201
00000000,6010100,10201
00000000,6010200,10201
00000000,6010300,10201
00000000,6010400,10201
00000000,6010500,10201
00000000,6010600,10201
00000000,6010700,10201
00000000,6010800,10201
00000000,6010900,10201
00000000,6011000,10201
00000000,6011100,10201
00000000,6011200,10201
00000000,6020000,10202
00000000,6020100,10202
00000000,6020200,10202
00000000,6020300,10202
00000000,6020400,10202
00000000,6020500,10202
00000000,6020600,10202
00000000,6020700,10202
00000000,6020800,10202
00000000,6020900,10202
00000000,6021000,10202
00000000,6021100,10202
00000000,6021200,10202
00000000,6040000,10204
00000000,6900000,10202
00000000,7000000,10240
00000000,7000100,10240
00000000,7000200,10240
00000000,7000300,10240
00000000,7000400,10240
00000000,7000500,10240
00000000,7000600,10240
00000000,7000700,10240
00000000,7000800,10240
00000000,7000900,10240
00000000,7001000,10240
00000000,7001100,10240
00000000,7001200,10240
00000000,7010000,10241
00000000,7010100,10241
00000000,7010200,10241
00000000,7010300,10241
00000000,7010400,10241
00000000,7010500,10241
00000000,7010600,10241
00000000,7010700,10241
00000000,7010800,10241
00000000,7010900,10241
00000000,7011000,10241
00000000,7011100,10241
00000000,7011200,10241
00000000,7020000,10242
00000000,7020100,10242
00000000,7020200,10242
00000000,7020300,10242
00000000,7020400,10242
00000000,7020500,10242
00000000,7020600,10242
00000000,7020700,10242
00000000,7020800,10242
00000000,7020900,10242
00000000,7021000,10242
00000000,7021100,10242
00000000,7021200,10242
00000000,7030000,10243
00000000,7030100,10243
00000000,7030200,10243
00000000,7030300,10243
00000000,7030400,10243
00000000,7030500,10243
00000000,7030600,10243
00000000,7030700,10243
00000000,7030800,10243
00000000,7030900,10243
00000000,7031000,10243
00000000,7031100,10243
00000000,7031200,10243
00000000,7040000,10244
00000000,7040100,10244
00000000,7040200,10244
00000000,7040300,10244
00000000,7040400,10244
00000000,7040500,10244
00000000,7040600,10244
00000000,7040700,10244
00000000,7040800,10244
00000000,7040900,10244
00000000,7041000,10244
00000000,7041100,10244
00000000,7041200,10244
00000000,7050000,10245
00000000,7060000,10246
00000000,7060100,10246
00000000,7060200,10246
00000000,7060300,10246
00000000,7060400,10246
00000000,7060500,10246
00000000,7060600,10246
00000000,7060700,10246
00000000,7060800,10246
00000000,7060900,10246
00000000,7061000,10246
00000000,7061100,10246
00000000,7061200,10246
00000000,7070000,10247
00000000,7080000,10248
00000000,7080100,10248
00000000,7080200,10248
00000000,7080300,10248
00000000,7080400,10248
00000000,7080500,10248
00000000,7080600,10248
00000000,7080700,10248
00000000,7080800,10248
00000000,7080900,10248
00000000,7081000,10248
00000000,7081100,10248
00000000,7081200,10248
00000000,7100000,10250
00000000,7110000,10251
00000000,7110100,10251
00000000,7110200,10251
00000000,7110300,10251
00000000,7110400,10251
00000000,7110500,10251
00000000,7110600,10251
00000000,7110700,10251
00000000,7110800,10251
00000000,7110900,10251
00000000,7111000,10251
00000000,7111100,10251
00000000,7111200,10251
00000000,7120000,10252
00000000,7120100,10252
00000000,7120200,10252
00000000,7120300,10252
00000000,7120400,10252
00000000,7120500,10252
00000000,7120600,10252
00000000,7120700,10252
00000000,7120800,10252
00000000,7120900,10252
00000000,7121000,10252
00000000,7121100,10252
00000000,7121200,10252
00000000,7140000,10254
00000000,7140100,10254
00000000,7140200,10254
00000000,7140300,10254
00000000,7140400,10254
00000000,7140500,10254
00000000,7140600,10254
00000000,7140700,10254
00000000,7140800,10254
00000000,7140900,10254
00000000,7141000,10254
00000000,7141100,10254
00000000,7141200,10254
00000000,7150000,10255
00000000,7150100,10255
00000000,7150200,10255
00000000,7150300,10255
00000000,7150400,10255
00000000,7150500,10255
00000000,7150600,10255
00000000,7150700,10255
00000000,7150800,10255
00000000,7150900,10255
00000000,7151000,10255
00000000,7151100,10255
00000000,7151200,10255
00000000,8010000,10280
00000000,8020000,10281
00000000,8020100,10281
00000000,8020200,10281
00000000,8020300,10281
00000000,8020400,10281
00000000,8020500,10281
00000000,8020600,10281
00000000,8020700,10281
00000000,8020800,10281
00000000,8020900,10281
00000000,8021000,10281
00000000,8021100,10281
00000000,8021200,10281
00000000,8030000,10282
00000000,8040000,10283
00000000,8050000,10289
00000000,8060000,10284
00000000,8060100,10284
00000000,8060200,10284
00000000,8060300,10284
00000000,8060400,10284
00000000,8060500,10284
00000000,8060600,10284
00000000,8060700,10284
00000000,8060800,10284
00000000,8060900,10284
00000000,8061000,10284
00000000,8061100,10284
00000000,8061200,10284
00000000,8070000,10285
00000000,8070100,10285
00000000,8070200,10285
00000000,8070300,10285
00000000,8070400,10285
00000000,8070500,10285
00000000,8070600,10285
00000000,8070700,10285
00000000,8070800,10285
00000000,8070900,10285
00000000,8071000,10285
00000000,8071100,10285
00000000,8071200,10285
00000000,8080000,10286
00000000,8080100,10286
00000000,8080200,10286
00000000,8080300,10286
00000000,8080400,10286
00000000,8080500,10286
00000000,8080600,10286
00000000,8080700,10286
00000000,8080800,10286
00000000,8080900,10286
00000000,8081000,10286
00000000,8081100,10286
00000000,8081200,10286
00000000,8100000,10288
00000000,8900000,10281
00000000,9000000,10320
00000000,9000100,10320
00000000,9000200,10320
00000000,9000300,10320
00000000,9000400,10320
00000000,9000500,10320
00000000,9000600,10320
00000000,9000700,10320
00000000,9000800,10320
00000000,9000900,10320
00000000,9001000,10320
00000000,9001100,10320
00000000,9001200,10320
00000000,9010000,10321
00000000,9010100,10321
00000000,9010200,10321
00000000,9010300,10321
00000000,9010400,10321
00000000,9010500,10321
00000000,9010600,10321
00000000,9010700,10321
00000000,9010800,10321
00000000,9010900,10321
00000000,9011000,10321
00000000,9011100,10321
00000000,9011200,10321
00000000,9020000,10322
00000000,9030000,10323
00000000,9040000,10324
00000000,9060000,10326
00000000,9070000,10327
00000000,9080000,10328
00000000,9080100,10328
00000000,9080200,10328
00000000,9080300,10328
00000000,9080400,10328
00000000,9080500,10328
00000000,9080600,10328
00000000,9080700,10328
00000000,9080800,10328
00000000,9080900,10328
00000000,9081000,10328
00000000,9081100,10328
00000000,9081200,10328
00000000,9900000,10320
00000000,9910000,10324
00000000,9911000,10324
00000000,9920000,10322
00000000,9930000,10321
00000000,10000000,10360
00000000,10000100,10360
00000000,10000200,10360
00000000,10000300,10360
00000000,10000400,10360
00000000,10000500,10360
00000000,10000600,10360
00000000,10000700,10360
00000000,10000800,10360
00000000,10000900,10360
00000000,10001000,10360
00000000,10001100,10360
00000000,10001200,10360
00000000,10010000,10361
00000000,10010100,10361
00000000,10010200,10361
00000000,10010300,10361
00000000,10010400,10361
00000000,10010500,10361
00000000,10010600,10361
00000000,10010700,10361
00000000,10010800,10361
00000000,10010900,10361
00000000,10011000,10361
00000000,10011100,10361
00000000,10011200,10361
00000000,10030000,10362
00000000,10030100,10362
00000000,10030200,10362
00000000,10030300,10362
00000000,10030400,10362
00000000,10030500,10362
00000000,10030600,10362
00000000,10030700,10362
00000000,10030800,10362
00000000,10030900,10362
00000000,10031000,10362
00000000,10031100,10362
00000000,10031200,10362
00000000,10050000,10364
00000000,10080000,10367
00000000,10080100,10367
00000000,10080200,10367
00000000,10080300,10367
00000000,10080400,10367
00000000,10080500,10367
00000000,10080600,10367
00000000,10080700,10367
00000000,10080800,10367
00000000,10080900,10367
00000000,10081000,10367
00000000,10081100,10367
00000000,10081200,10367
00000000,10090000,10368
00000000,11000000,10400
00000000,11000100,10400
00000000,11000200,10400
00000000,11000300,10400
00000000,11000400,10400
00000000,11000500,10400
00000000,11000600,10400
00000000,11000700,10400
00000000,11000800,10400
00000000,11000900,10400
00000000,11001000,10400
00000000,11001100,10400
00000000,11001200,10400
00000000,11010000,10401
00000000,11010100,10401
00000000,11010200,10401
00000000,11010300,10401
00000000,11010400,10401
00000000,11010500,10401
00000000,11010600,10401
00000000,11010700,10401
00000000,11010800,10401
00000000,11010900,10401
00000000,11011000,10401
00000000,11011100,10401
00000000,11011200,10401
00000000,11030000,10402
00000000,11030100,10402
00000000,11030200,10402
00000000,11030300,10402
00000000,11030400,10402
00000000,11030500,10402
00000000,11030600,10402
00000000,11030700,10402
00000000,11030800,10402
00000000,11030900,10402
00000000,11031000,10402
00000000,11031100,10402
00000000,11031200,10402
00000000,11040000,10403
00000000,11040100,10403
00000000,11040200,10403
00000000,11040300,10403
00000000,11040400,10403
00000000,11040500,10403
00000000,11040600,10403
00000000,11040700,10403
00000000,11040800,10403
00000000,11040900,10403
00000000,11041000,10403
00000000,11041100,10403
00000000,11041200,10403
00000000,11050000,10404
00000000,11050100,10404
00000000,11050200,10404
00000000,11050300,10404
00000000,11050400,10404
00000000,11050500,10404
00000000,11050600,10404
00000000,11050700,10404
00000000,11050800,10404
00000000,11050900,10404
00000000,11051000,10404
00000000,11051100,10404
00000000,11051200,10404
00000000,11060000,10405
00000000,11070000,10406
00000000,11070100,10406
00000000,11070200,10406
00000000,11070300,10406
00000000,11070400,10406
00000000,11070500,10406
00000000,11070600,10406
00000000,11070700,10406
00000000,11070800,10406
00000000,11070900,10406
00000000,11071000,10406
00000000,11071100,10406
00000000,11071200,10406
00000000,11080000,10407
00000000,11080100,10407
00000000,11080200,10407
00000000,11080300,10407
00000000,11080400,10407
00000000,11080500,10407
00000000,11080600,10407
00000000,11080700,10407
00000000,11080800,10407
00000000,11080900,10407
00000000,11081000,10407
00000000,11081100,10407
00000000,11081200,10407
00000000,11090000,10408
00000000,11090100,10408
00000000,11090200,10408
00000000,11090300,10408
00000000,11090400,10408
00000000,11090500,10408
00000000,11090600,10408
00000000,11090700,10408
00000000,11090800,10408
00000000,11090900,10408
00000000,11091000,10408
00000000,11091100,10408
00000000,11091200,10408
00000000,11100000,10409
00000000,11110000,10410
00000000,11120000,10411
00000000,11130000,10412
00000000,11140000,10413
00000000,11140100,10413
00000000,11140200,10413
00000000,11140300,10413
00000000,11140400,10413
00000000,11140500,10413
00000000,11140600,10413
00000000,11140700,10413
00000000,11140800,10413
00000000,11140900,10413
00000000,11141000,10413
00000000,11141100,10413
00000000,11141200,10413
00000000,11150000,10414
00000000,11170000,10410
00000000,12000000,10440
00000000,12000100,10440
00000000,12000200,10440
00000000,12000300,10440
00000000,12000400,10440
00000000,12000500,10440
00000000,12000600,10440
00000000,12000700,10440
00000000,12000800,10440
00000000,12000900,10440
00000000,12001000,10440
00000000,12001100,10440
00000000,12001200,10440
00000000,12010000,10441
00000000,12010100,10441
00000000,12010200,10441
00000000,12010300,10441
00000000,12010400,10441
00000000,12010500,10441
00000000,12010600,10441
00000000,12010700,10441
00000000,12010800,10441
00000000,12010900,10441
00000000,12011000,10441
00000000,12011100,10441
00000000,12011200,10441
00000000,12020000,10442
00000000,12020100,10442
00000000,12020200,10442
00000000,12020300,10442
00000000,12020400,10442
00000000,12020500,10442
00000000,12020600,10442
00000000,12020700,10442
00000000,12020800,10442
00000000,12020900,10442
00000000,12021000,10442
00000000,12021100,10442
00000000,12021200,10442
00000000,12060000,10443
00000000,12060100,10443
00000000,12060200,10443
00000000,12060300,10443
00000000,12060400,10443
00000000,12060500,10443
00000000,12060600,10443
00000000,12060700,10443
00000000,12060800,10443
00000000,12060900,10443
00000000,12061000,10443
00000000,12061100,10443
00000000,12061200,10443
00000000,12080000,10444
00000000,12080100,10444
00000000,12080200,10444
00000000,12080300,10444
00000000,12080400,10444
00000000,12080500,10444
00000000,12080600,10444
00000000,12080700,10444
00000000,12080800,10444
00000000,12080900,10444
00000000,12081000,10444
00000000,12081100,10444
00000000,12081200,10444
00000000,12130000,10445
00000000,12130100,10445
00000000,12130200,10445
00000000,12130300,10445
00000000,12130400,10445
00000000,12130500,10445
00000000,12130600,10445
00000000,12130700,10445
00000000,12130800,10445
00000000,12130900,10445
00000000,12131000,10445
00000000,12131100,10445
00000000,12131200,10445
00000000,12140000,10446
00000000,12140100,10446
00000000,12140200,10446
00000000,12140300,10446
00000000,12140400,10446
00000000,12140500,10446
00000000,12140600,10446
00000000,12140700,10446
00000000,12140800,10446
00000000,12140900,10446
00000000,12141000,10446
00000000,12141100,10446
00000000,12141200,10446
00000000,12150000,10447
00000000,12160000,10448
00000000,12170000,10449
00000000,12180000,10450
00000000,12180100,10450
00000000,12180200,10450
00000000,12180300,10450
00000000,12180400,10450
00000000,12180500,10450
00000000,12180600,10450
00000000,12180700,10450
00000000,12180800,10450
00000000,12180900,10450
00000000,12181000,10450
00000000,12181100,10450
00000000,12181200,10450
00000000,12190000,10451
00000000,12190100,10451
00000000,12190200,10451
00000000,12190300,10451
00000000,12190400,10451
00000000,12190500,10451
00000000,12190600,10451
00000000,12190700,10451
00000000,12190800,10451
00000000,12190900,10451
00000000,12191000,10451
00000000,12191100,10451
00000000,12191200,10451
00000000,12200000,10452
00000000,12210000,10453
00000000,12210100,10453
00000000,12210200,10453
00000000,12210300,10453
00000000,12210400,10453
00000000,12210500,10453
00000000,12210600,10453
00000000,12210700,10453
00000000,12210800,10453
00000000,12210900,10453
00000000,12211000,10453
00000000,12211100,10453
00000000,12211200,10453
00000000,12900000,10443
00000000,12910000,10452
00000000,13000000,10480
00000000,13000100,10480
00000000,13000200,10480
00000000,13000300,10480
00000000,13000400,10480
00000000,13000500,10480
00000000,13000600,10480
00000000,13000700,10480
00000000,13000800,10480
00000000,13000900,10480
00000000,13001000,10480
00000000,13001100,10480
00000000,13001200,10480
00000000,13010000,10481
00000000,13010100,10481
00000000,13010200,10481
00000000,13010300,10481
00000000,13010400,10481
00000000,13010500,10481
00000000,13010600,10481
00000000,13010700,10481
00000000,13010800,10481
00000000,13010900,10481
00000000,13011000,10481
00000000,13011100,10481
00000000,13011200,10481
00000000,13020000,10482
00000000,13030000,10483
00000000,13040000,10484
00000000,13040100,10484
00000000,13040200,10484
00000000,13040300,10484
00000000,13040400,10484
00000000,13040500,10484
00000000,13040600,10484
00000000,13040700,10484
00000000,13040800,10484
00000000,13040900,10484
00000000,13041000,10484
00000000,13041100,10484
00000000,13041200,10484
00000000,14000000,10520
00000000,14000100,10520
00000000,14000200,10520
00000000,14000300,10520
00000000,14000400,10520
00000000,14000500,10520
00000000,14000600,10520
00000000,14000700,10520
00000000,14000800,10520
00000000,14000900,10520
00000000,14001000,10520
00000000,14001100,10520
00000000,14001200,10520
00000000,14010000,10521
00000000,14010100,10521
00000000,14010200,10521
00000000,14010300,10521
00000000,14010400,10521
00000000,14010500,10521
00000000,14010600,10521
00000000,14010700,10521
00000000,14010800,10521
00000000,14010900,10521
00000000,14011000,10521
00000000,14011100,10521
00000000,14011200,10521
00000000,14020000,10522
00000000,14020100,10522
00000000,14020200,10522
00000000,14020300,10522
00000000,14020400,10522
00000000,14020500,10522
00000000,14020600,10522
00000000,14020700,10522
00000000,14020800,10522
00000000,14020900,10522
00000000,14021000,10522
00000000,14021100,10522
00000000,14021200,10522
00000000,14030000,10523
00000000,14030100,10523
00000000,14030200,10523
00000000,14030300,10523
00000000,14030400,10523
00000000,14030500,10523
00000000,14030600,10523
00000000,14030700,10523
00000000,14030800,10523
00000000,14030900,10523
00000000,14031000,10523
00000000,14031100,10523
00000000,14031200,10523
00000000,14040000,10524
00000000,14040100,10524
00000000,14040200,10524
00000000,14040300,10524
00000000,14040400,10524
00000000,14040500,10524
00000000,14040600,10524
00000000,14040700,10524
00000000,14040800,10524
00000000,14040900,10524
00000000,14041000,10524
00000000,14041100,10524
00000000,14041200,10524
00000000,14050000,10525
00000000,14060000,10526
00000000,14060100,10526
00000000,14060200,10526
00000000,14060300,10526
00000000,14060400,10526
00000000,14060500,10526
00000000,14060600,10526
00000000,14060700,10526
00000000,14060800,10526
00000000,14060900,10526
00000000,14061000,10526
00000000,14061100,10526
00000000,14061200,10526
00000000,14080000,10527
00000000,14100000,10529
00000000,14100100,10529
00000000,14100200,10529
00000000,14100300,10529
00000000,14100400,10529
00000000,14100500,10529
00000000,14100600,10529
00000000,14100700,10529
00000000,14100800,10529
00000000,14100900,10529
00000000,14101000,10529
00000000,14101100,10529
00000000,14101200,10529
00000000,14110000,10530
00000000,14110100,10530
00000000,14110200,10530
00000000,14110300,10530
00000000,14110400,10530
00000000,14110500,10530
00000000,14110600,10530
00000000,14110700,10530
00000000,14110800,10530
00000000,14110900,10530
00000000,14111000,10530
00000000,14111100,10530
00000000,14111200,10530
00000000,14120000,10531
00000000,14140000,10533
00000000,15000000,10560
00000000,15000100,10560
00000000,15000200,10560
00000000,15000300,10560
00000000,15000400,10560
00000000,15000500,10560
00000000,15000600,10560
00000000,15000700,10560
00000000,15000800,10560
00000000,15000900,10560
00000000,15001000,10560
00000000,15001100,10560
00000000,15001200,10560
00000000,15010000,10561
00000000,15010100,10561
00000000,15010200,10561
00000000,15010300,10561
00000000,15010400,10561
00000000,15010500,10561
00000000,15010600,10561
00000000,15010700,10561
00000000,15010800,10561
00000000,15010900,10561
00000000,15011000,10561
00000000,15011100,10561
00000000,15011200,10561
00000000,15020000,10562
00000000,15020100,10562
00000000,15020200,10562
00000000,15020300,10562
00000000,15020400,10562
00000000,15020500,10562
00000000,15020600,10562
00000000,15020700,10562
00000000,15020800,10562
00000000,15020900,10562
00000000,15021000,10562
00000000,15021100,10562
00000000,15021200,10562
00000000,15030000,10563
00000000,15030100,10563
00000000,15030200,10563
00000000,15030300,10563
00000000,15030400,10563
00000000,15030500,10563
00000000,15030600,10563
00000000,15030700,10563
00000000,15030800,10563
00000000,15030900,10563
00000000,15031000,10563
00000000,15031100,10563
00000000,15031200,10563
00000000,15040000,10564
00000000,15050000,10565
00000000,15050100,10565
00000000,15050200,10565
00000000,15050300,10565
00000000,15050400,10565
00000000,15050500,10565
00000000,15050600,10565
00000000,15050700,10565
00000000,15050800,10565
00000000,15050900,10565
00000000,15051000,10565
00000000,15051100,10565
00000000,15051200,10565
00000000,15060000,10566
00000000,15060100,10566
00000000,15060200,10566
00000000,15060300,10566
00000000,15060400,10566
00000000,15060500,10566
00000000,15060600,10566
00000000,15060700,10566
00000000,15060800,10566
00000000,15060900,10566
00000000,15061000,10566
00000000,15061100,10566
00000000,15061200,10566
00000000,15080000,10568
00000000,15080100,10568
00000000,15080200,10568
00000000,15080300,10568
00000000,15080400,10568
00000000,15080500,10568
00000000,15080600,10568
00000000,15080700,10568
00000000,15080800,10568
00000000,15080900,10568
00000000,15081000,10568
00000000,15081100,10568
00000000,15081200,10568
00000000,15110000,10571
00000000,15120000,10572
00000000,15120100,10572
00000000,15120200,10572
00000000,15120300,10572
00000000,15120400,10572
00000000,15120500,10572
00000000,15120600,10572
00000000,15120700,10572
00000000,15120800,10572
00000000,15120900,10572
00000000,15121000,10572
00000000,15121100,10572
00000000,15121200,10572
00000000,15130000,10573
00000000,15130100,10573
00000000,15130200,10573
00000000,15130300,10573
00000000,15130400,10573
00000000,15130500,10573
00000000,15130600,10573
00000000,15130700,10573
00000000,15130800,10573
00000000,15130900,10573
00000000,15131000,10573
00000000,15131100,10573
00000000,15131200,10573
00000000,15140000,10574
00000000,15900000,10572
00000000,16000000,10600
00000000,16000100,10600
00000000,16000200,10600
00000000,16000300,10600
00000000,16000400,10600
00000000,16000500,10600
00000000,16000600,10600
00000000,16000700,10600
00000000,16000800,10600
00000000,16000900,10600
00000000,16001000,10600
00000000,16001100,10600
00000000,16001200,10600
00000000,16010000,10601
00000000,16010100,10601
00000000,16010200,10601
00000000,16010300,10601
00000000,16010400,10601
00000000,16010500,10601
00000000,16010600,10601
00000000,16010700,10601
00000000,16010800,10601
00000000,16010900,10601
00000000,16011000,10601
00000000,16011100,10601
00000000,16011200,10601
00000000,16020000,10602
00000000,16030000,10603
00000000,16030100,10603
00000000,16030200,10603
00000000,16030300,10603
00000000,16030400,10603
00000000,16030500,10603
00000000,16030600,10603
00000000,16030700,10603
00000000,16030800,10603
00000000,16030900,10603
00000000,16031000,10603
00000000,16031100,10603
00000000,16031200,10603
00000000,16040000,10604
00000000,16050000,10605
00000000,16050100,10605
00000000,16050200,10605
00000000,16050300,10605
00000000,16050400,10605
00000000,16050500,10605
00000000,16050600,10605
00000000,16050700,10605
00000000,16050800,10605
00000000,16050900,10605
00000000,16051000,10605
00000000,16051100,10605
00000000,16051200,10605
00000000,16060000,10606
00000000,16060100,10606
00000000,16060200,10606
00000000,16060300,10606
00000000,16060400,10606
00000000,16060500,10606
00000000,16060600,10606
00000000,16060700,10606
00000000,16060800,10606
00000000,16060900,10606
00000000,16061000,10606
00000000,16061100,10606
00000000,16061200,10606
00000000,16070000,10607
00000000,16070100,10607
00000000,16070200,10607
00000000,16070300,10607
00000000,16070400,10607
00000000,16070500,10607
00000000,16070600,10607
00000000,16070700,10607
00000000,16070800,10607
00000000,16070900,10607
00000000,16071000,10607
00000000,16071100,10607
00000000,16071200,10607
00000000,16080000,10608
00000000,16090000,10609
00000000,16110000,10611
00000000,16110100,10611
00000000,16110200,10611
00000000,16110300,10611
00000000,16110400,10611
00000000,16110500,10611
00000000,16110600,10611
00000000,16110700,10611
00000000,16110800,10611
00000000,16110900,10611
00000000,16111000,10611
00000000,16111100,10611
00000000,16111200,10611
00000000,16120000,10612
00000000,16130000,10613
00000000,16140000,10614
00000000,16140100,10614
00000000,16140200,10614
00000000,16140300,10614
00000000,16140400,10614
00000000,16140500,10614
00000000,16140600,10614
00000000,16140700,10614
00000000,16140800,10614
00000000,16140900,10614
00000000,16141000,10614
00000000,16141100,10614
00000000,16141200,10614
00000000,16150000,10615
00000000,16150100,10615
00000000,16150200,10615
00000000,16150300,10615
00000000,16150400,10615
00000000,16150500,10615
00000000,16150600,10615
00000000,16150700,10615
00000000,16150800,10615
00000000,16150900,10615
00000000,16151000,10615
00000000,16151100,10615
00000000,16151200,10615
00000000,16160000,10616
00000000,17010000,10641
00000000,17020000,10642
00000000,17030000,10643
00000000,17050000,10645
00000000,17060000,10646
00000000,17060100,10646
00000000,17060200,10646
00000000,17060300,10646
00000000,17060400,10646
00000000,17060500,10646
00000000,17060600,10646
00000000,17060700,10646
00000000,17060800,10646
00000000,17060900,10646
00000000,17061000,10646
00000000,17061100,10646
00000000,17061200,10646
00000000,17070000,10647
00000000,17070100,10647
00000000,17070200,10647
00000000,17070300,10647
00000000,17070400,10647
00000000,17070500,10647
00000000,17070600,10647
00000000,17070700,10647
00000000,17070800,10647
00000000,17070900,10647
00000000,17071000,10647
00000000,17071100,10647
00000000,17071200,10647
00000000,17900000,10645
00000000,17910000,10647
00000000,18000000,10680
00000000,18000100,10680
00000000,18000200,10680
00000000,18000300,10680
00000000,18000400,10680
00000000,18000500,10680
00000000,18000600,10680
00000000,18000700,10680
00000000,18000800,10680
00000000,18000900,10680
00000000,18001000,10680
00000000,18001100,10680
00000000,18001200,10680
00000000,18010000,10681
00000000,18010100,10681
00000000,18010200,10681
00000000,18010300,10681
00000000,18010400,10681
00000000,18010500,10681
00000000,18010600,10681
00000000,18010700,10681
00000000,18010800,10681
00000000,18010900,10681
00000000,18011000,10681
00000000,18011100,10681
00000000,18011200,10681
00000000,18020000,10682
00000000,18020100,10682
00000000,18020200,10682
00000000,18020300,10682
00000000,18020400,10682
00000000,18020500,10682
00000000,18020600,10682
00000000,18020700,10682
00000000,18020800,10682
00000000,18020900,10682
00000000,18021000,10682
00000000,18021100,10682
00000000,18021200,10682
00000000,18030000,10683
00000000,18030100,10683
00000000,18030200,10683
00000000,18030300,10683
00000000,18030400,10683
00000000,18030500,10683
00000000,18030600,10683
00000000,18030700,10683
00000000,18030800,10683
00000000,18030900,10683
00000000,18031000,10683
00000000,18031100,10683
00000000,18031200,10683
00000000,18040000,10684
00000000,18050000,10685
00000000,18050100,10685
00000000,18050200,10685
00000000,18050300,10685
00000000,18050400,10685
00000000,18050500,10685
00000000,18050600,10685
00000000,18050700,10685
00000000,18050800,10685
00000000,18050900,10685
00000000,18051000,10685
00000000,18051100,10685
00000000,18051200,10685
00000000,18060000,10686
00000000,18070000,10687
00000000,18070100,10687
00000000,18070200,10687
00000000,18070300,10687
00000000,18070400,10687
00000000,18070500,10687
00000000,18070600,10687
00000000,18070700,10687
00000000,18070800,10687
00000000,18070900,10687
00000000,18071000,10687
00000000,18071100,10687
00000000,18071200,10687
00000000,18080000,10688
00000000,18090000,10689
00000000,18090100,10689
00000000,18090200,10689
00000000,18090300,10689
00000000,18090400,10689
00000000,18090500,10689
00000000,18090600,10689
00000000,18090700,10689
00000000,18090800,10689
00000000,18090900,10689
00000000,18091000,10689
00000000,18091100,10689
00000000,18091200,10689
00000000,18100000,10690
00000000,18110000,10691
00000000,18110100,10691
00000000,18110200,10691
00000000,18110300,10691
00000000,18110400,10691
00000000,18110500,10691
00000000,18110600,10691
00000000,18110700,10691
00000000,18110800,10691
00000000,18110900,10691
00000000,18111000,10691
00000000,18111100,10691
00000000,18111200,10691
00000000,18130000,10693
00000000,18130100,10693
00000000,18130200,10693
00000000,18130300,10693
00000000,18130400,10693
00000000,18130500,10693
00000000,18130600,10693
00000000,18130700,10693
00000000,18130800,10693
00000000,18130900,10693
00000000,18131000,10693
00000000,18131100,10693
00000000,18131200,10693
00000000,18140000,10694
00000000,18150000,10695
00000000,18150100,10695
00000000,18150200,10695
00000000,18150300,10695
00000000,18150400,10695
00000000,18150500,10695
00000000,18150600,10695
00000000,18150700,10695
00000000,18150800,10695
00000000,18150900,10695
00000000,18151000,10695
00000000,18151100,10695
00000000,18151200,10695
00000000,18160000,10696
00000000,19000000,10720
00000000,19000100,10720
00000000,19000200,10720
00000000,19000300,10720
00000000,19000400,10720
00000000,19000500,10720
00000000,19000600,10720
00000000,19000700,10720
00000000,19000800,10720
00000000,19000900,10720
00000000,19001000,10720
00000000,19001100,10720
00000000,19001200,10720
00000000,19010000,10721
00000000,19010100,10721
00000000,19010200,10721
00000000,19010300,10721
00000000,19010400,10721
00000000,19010500,10721
00000000,19010600,10721
00000000,19010700,10721
00000000,19010800,10721
00000000,19010900,10721
00000000,19011000,10721
00000000,19011100,10721
00000000,19011200,10721
00000000,19020000,10722
00000000,19060000,10726
00000000,20000000,10760
00000000,20000100,10760
00000000,20000200,10760
00000000,20000300,10760
00000000,20000400,10760
00000000,20000500,10760
00000000,20000600,10760
00000000,20000700,10760
00000000,20000800,10760
00000000,20000900,10760
00000000,20001000,10760
00000000,20001100,10760
00000000,20001200,10760
00000000,20020000,10762
00000000,20020100,10762
00000000,20020200,10762
00000000,20020300,10762
00000000,20020400,10762
00000000,20020500,10762
00000000,20020600,10762
00000000,20020700,10762
00000000,20020800,10762
00000000,20020900,10762
00000000,20021000,10762
00000000,20021100,10762
00000000,20021200,10762
00000000,20030000,10763
00000000,20050000,10765
00000000,20050100,10765
00000000,20050200,10765
00000000,20050300,10765
00000000,20050400,10765
00000000,20050500,10765
00000000,20050600,10765
00000000,20050700,10765
00000000,20050800,10765
00000000,20050900,10765
00000000,20051000,10765
00000000,20051100,10765
00000000,20051200,10765
00000000,20060000,10766
00000000,20070000,10767
00000000,20070100,10767
00000000,20070200,10767
00000000,20070300,10767
00000000,20070400,10767
00000000,20070500,10767
00000000,20070600,10767
00000000,20070700,10767
00000000,20070800,10767
00000000,20070900,10767
00000000,20071000,10767
00000000,20071100,10767
00000000,20071200,10767
00000000,21000000,10800
00000000,21000100,10800
00000000,21000200,10800
00000000,21000300,10800
00000000,21000400,10800
00000000,21000500,10800
00000000,21000600,10800
00000000,21000700,10800
00000000,21000800,10800
00000000,21000900,10800
00000000,21001000,10800
00000000,21001100,10800
00000000,21001200,10800
00000000,21010000,10801
00000000,21010100,10801
00000000,21010200,10801
00000000,21010300,10801
00000000,21010400,10801
00000000,21010500,10801
00000000,21010600,10801
00000000,21010700,10801
00000000,21010800,10801
00000000,21010900,10801
00000000,21011000,10801
00000000,21011100,10801
00000000,21011200,10801
00000000,21060000,10806
00000000,21070000,10807
00000000,21070100,10807
00000000,21070200,10807
00000000,21070300,10807
00000000,21070400,10807
00000000,21070500,10807
00000000,21070600,10807
00000000,21070700,10807
00000000,21070800,10807
00000000,21070900,10807
00000000,21071000,10807
00000000,21071100,10807
00000000,21071200,10807
00000000,21080000,10808
00000000,21080100,10808
00000000,21080200,10808
00000000,21080300,10808
00000000,21080400,10808
00000000,21080500,10808
00000000,21080600,10808
00000000,21080700,10808
00000000,21080800,10808
00000000,21080900,10808
00000000,21081000,10808
00000000,21081100,10808
00000000,21081200,10808
00000000,21100000,10809
00000000,21100100,10809
00000000,21100200,10809
00000000,21100300,10809
00000000,21100400,10809
00000000,21100500,10809
00000000,21100600,10809
00000000,21100700,10809
00000000,21100800,10809
00000000,21100900,10809
00000000,21101000,10809
00000000,21101100,10809
00000000,21101200,10809
00000000,21110000,10810
00000000,21120000,10811
00000000,21130000,10812
00000000,22000000,10840
00000000,22000100,10840
00000000,22000200,10840
00000000,22000300,10840
00000000,22000400,10840
00000000,22000500,10840
00000000,22000600,10840
00000000,22000700,10840
00000000,22000800,10840
00000000,22000900,10840
00000000,22001000,10840
00000000,22001100,10840
00000000,22001200,10840
00000000,22010000,10841
00000000,22010100,10841
00000000,22010200,10841
00000000,22010300,10841
00000000,22010400,10841
00000000,22010500,10841
00000000,22010600,10841
00000000,22010700,10841
00000000,22010800,10841
00000000,22010900,10841
00000000,22011000,10841
00000000,22011100,10841
00000000,22011200,10841
00000000,22020000,10842
00000000,22020100,10842
00000000,22020200,10842
00000000,22020300,10842
00000000,22020400,10842
00000000,22020500,10842
00000000,22020600,10842
00000000,22020700,10842
00000000,22020800,10842
00000000,22020900,10842
00000000,22021000,10842
00000000,22021100,10842
00000000,22021200,10842
00000000,22030000,10843
00000000,22030100,10843
00000000,22030200,10843
00000000,22030300,10843
00000000,22030400,10843
00000000,22030500,10843
00000000,22030600,10843
00000000,22030700,10843
00000000,22030800,10843
00000000,22030900,10843
00000000,22031000,10843
00000000,22031100,10843
00000000,22031200,10843
00000000,23000000,10880
00000000,23000100,10880
00000000,23000200,10880
00000000,23000300,10880
00000000,23000400,10880
00000000,23000500,10880
00000000,23000600,10880
00000000,23000700,10880
00000000,23000800,10880
00000000,23000900,10880
00000000,23001000,10880
00000000,23001100,10880
00000000,23001200,10880
00000000,23010000,10881
00000000,23020000,10882
00000000,23020100,10882
00000000,23020200,10882
00000000,23020300,10882
00000000,23020400,10882
00000000,23020500,10882
00000000,23020600,10882
00000000,23020700,10882
00000000,23020800,10882
00000000,23020900,10882
00000000,23021000,10882
00000000,23021100,10882
00000000,23021200,10882
00000000,23030000,10883
00000000,23040000,10884
00000000,23040100,10884
00000000,23040200,10884
00000000,23040300,10884
00000000,23040400,10884
00000000,23040500,10884
00000000,23040600,10884
00000000,23040700,10884
00000000,23040800,10884
00000000,23040900,10884
00000000,23041000,10884
00000000,23041100,10884
00000000,23041200,10884
00000000,23050000,10885
00000000,23060000,10886
00000000,23070000,10887
00000000,23080000,10888
00000000,23100000,10890
00000000,23110000,10891
00000000,23110100,10891
00000000,23110200,10891
00000000,23110300,10891
00000000,23110400,10891
00000000,23110500,10891
00000000,23110600,10891
00000000,23110700,10891
00000000,23110800,10891
00000000,23110900,10891
00000000,23111000,10891
00000000,23111100,10891
00000000,23111200,10891
00000000,23120000,10892
00000000,23120100,10892
00000000,23120200,10892
00000000,23120300,10892
00000000,23120400,10892
00000000,23120500,10892
00000000,23120600,10892
00000000,23120700,10892
00000000,23120800,10892
00000000,23120900,10892
00000000,23121000,10892
00000000,23121100,10892
00000000,23121200,10892
00000000,23130000,10893
00000000,23130100,10893
00000000,23130200,10893
00000000,23130300,10893
00000000,23130400,10893
00000000,23130500,10893
00000000,23130600,10893
00000000,23130700,10893
00000000,23130800,10893
00000000,23130900,10893
00000000,23131000,10893
00000000,23131100,10893
00000000,23131200,10893
00000000,23140000,10894
00000000,23150000,10895
00000000,23150100,10895
00000000,23150200,10895
00000000,23150300,10895
00000000,23150400,10895
00000000,23150500,10895
00000000,23150600,10895
00000000,23150700,10895
00000000,23150800,10895
00000000,23150900,10895
00000000,23151000,10895
00000000,23151100,10895
00000000,23151200,10895
00000000,23900000,10884
00000000,23910000,10895
00000000,23920000,10890
00000000,23930000,10891
00000000,24000000,10920
00000000,24020000,10922
00000000,24040000,10924
00000000,24050000,10926
00000000,24060000,10927
00000000,24070000,10928
00000000,30000000,12000
00000000,30000100,12000
00000000,30000200,12000
00000000,30000300,12000
00000000,30000400,12000
00000000,30000500,12000
00000000,30000600,12000
00000000,30000700,12000
00000000,30000800,12000
00000000,30000900,12000
00000000,30001000,12000
00000000,30001100,12000
00000000,30001200,12000
00000000,30010000,12001
00000000,30010100,12001
00000000,30010200,12001
00000000,30010300,12001
00000000,30010400,12001
00000000,30010500,12001
00000000,30010600,12001
00000000,30010700,12001
00000000,30010800,12001
00000000,30010900,12001
00000000,30011000,12001
00000000,30011100,12001
00000000,30011200,12001
00000000,30020000,12002
00000000,30020100,12002
00000000,30020200,12002
00000000,30020300,12002
00000000,30020400,12002
00000000,30020500,12002
00000000,30020600,12002
00000000,30020700,12002
00000000,30020800,12002
00000000,30020900,12002
00000000,30021000,12002
00000000,30021100,12002
00000000,30021200,12002
00000000,30030000,12003
00000000,30030100,12003
00000000,30030200,12003
00000000,30030300,12003
00000000,30030400,12003
00000000,30030500,12003
00000000,30030600,12003
00000000,30030700,12003
00000000,30030800,12003
00000000,30030900,12003
00000000,30031000,12003
00000000,30031100,12003
00000000,30031200,12003
00000000,30040000,12004
00000000,30040100,12004
00000000,30040200,12004
00000000,30040300,12004
00000000,30040400,12004
00000000,30040500,12004
00000000,30040600,12004
00000000,30040700,12004
00000000,30040800,12004
00000000,30040900,12004
00000000,30041000,12004
00000000,30041100,12004
00000000,30041200,12004
00000000,30060000,12006
00000000,30060100,12006
00000000,30060200,12006
00000000,30060300,12006
00000000,30060400,12006
00000000,30060500,12006
00000000,30060600,12006
00000000,30060700,12006
00000000,30060800,12006
00000000,30060900,12006
00000000,30061000,12006
00000000,30061100,12006
00000000,30061200,12006
00000000,30070000,12007
00000000,30070100,12007
00000000,30070200,12007
00000000,30070300,12007
00000000,30070400,12007
00000000,30070500,12007
00000000,30070600,12007
00000000,30070700,12007
00000000,30070800,12007
00000000,30070900,12007
00000000,30071000,12007
00000000,30071100,12007
00000000,30071200,12007
00000000,30080000,12008
00000000,30080100,12008
00000000,30080200,12008
00000000,30080300,12008
00000000,30080400,12008
00000000,30080500,12008
00000000,30080600,12008
00000000,30080700,12008
00000000,30080800,12008
00000000,30080900,12008
00000000,30081000,12008
00000000,30081100,12008
00000000,30081200,12008
00000000,30090000,12009
00000000,30090100,12009
00000000,30090200,12009
00000000,30090300,12009
00000000,30090400,12009
00000000,30090500,12009
00000000,30090600,12009
00000000,30090700,12009
00000000,30090800,12009
00000000,30090900,12009
00000000,30091000,12009
00000000,30091100,12009
00000000,30091200,12009
00000000,30100000,12010
00000000,30100100,12010
00000000,30100200,12010
00000000,30100300,12010
00000000,30100400,12010
00000000,30100500,12010
00000000,30100600,12010
00000000,30100700,12010
00000000,30100800,12010
00000000,30100900,12010
00000000,30101000,12010
00000000,30101100,12010
00000000,30101200,12010
00000000,30110000,12011
00000000,30110100,12011
00000000,30110200,12011
00000000,30110300,12011
00000000,30110400,12011
00000000,30110500,12011
00000000,30110600,12011
00000000,30110700,12011
00000000,30110800,12011
00000000,30110900,12011
00000000,30111000,12011
00000000,30111100,12011
00000000,30111200,12011
00000000,30120000,12012
00000000,30120100,12012
00000000,30120200,12012
00000000,30120300,12012
00000000,30120400,12012
00000000,30120500,12012
00000000,30120600,12012
00000000,30120700,12012
00000000,30120800,12012
00000000,30120900,12012
00000000,30121000,12012
00000000,30121100,12012
00000000,30121200,12012
00000000,30130000,12013
00000000,30130100,12013
00000000,30130200,12013
00000000,30130300,12013
00000000,30130400,12013
00000000,30130500,12013
00000000,30130600,12013
00000000,30130700,12013
00000000,30130800,12013
00000000,30130900,12013
00000000,30131000,12013
00000000,30131100,12013
00000000,30131200,12013
00000000,30140000,12014
00000000,30140100,12014
00000000,30140200,12014
00000000,30140300,12014
00000000,30140400,12014
00000000,30140500,12014
00000000,30140600,12014
00000000,30140700,12014
00000000,30140800,12014
00000000,30140900,12014
00000000,30141000,12014
00000000,30141100,12014
00000000,30141200,12014
00000000,30150000,12015
00000000,30190000,12019
00000000,30190100,12019
00000000,30190200,12019
00000000,30190300,12019
00000000,30190400,12019
00000000,30190500,12019
00000000,30190600,12019
00000000,30190700,12019
00000000,30190800,12019
00000000,30190900,12019
00000000,30191000,12019
00000000,30191100,12019
00000000,30191200,12019
00000000,30200000,12020
00000000,31000000,12040
00000000,31000100,12040
00000000,31000200,12040
00000000,31000300,12040
00000000,31000400,12040
00000000,31000500,12040
00000000,31000600,12040
00000000,31000700,12040
00000000,31000800,12040
00000000,31000900,12040
00000000,31001000,12040
00000000,31001100,12040
00000000,31001200,12040
00000000,31010000,12041
00000000,31010100,12041
00000000,31010200,12041
00000000,31010300,12041
00000000,31010400,12041
00000000,31010500,12041
00000000,31010600,12041
00000000,31010700,12041
00000000,31010800,12041
00000000,31010900,12041
00000000,31011000,12041
00000000,31011100,12041
00000000,31011200,12041
00000000,31020000,12042
00000000,31020100,12042
00000000,31020200,12042
00000000,31020300,12042
00000000,31020400,12042
00000000,31020500,12042
00000000,31020600,12042
00000000,31020700,12042
00000000,31020800,12042
00000000,31020900,12042
00000000,31021000,12042
00000000,31021100,12042
00000000,31021200,12042
00000000,31030000,12043
00000000,31030100,12043
00000000,31030200,12043
00000000,31030300,12043
00000000,31030400,12043
00000000,31030500,12043
00000000,31030600,12043
00000000,31030700,12043
00000000,31030800,12043
00000000,31030900,12043
00000000,31031000,12043
00000000,31031100,12043
00000000,31031200,12043
00000000,31040000,12044
00000000,31040100,12044
00000000,31040200,12044
00000000,31040300,12044
00000000,31040400,12044
00000000,31040500,12044
00000000,31040600,12044
00000000,31040700,12044
00000000,31040800,12044
00000000,31040900,12044
00000000,31041000,12044
00000000,31041100,12044
00000000,31041200,12044
00000000,31050000,12045
00000000,31050100,12045
00000000,31050200,12045
00000000,31050300,12045
00000000,31050400,12045
00000000,31050500,12045
00000000,31050600,12045
00000000,31050700,12045
00000000,31050800,12045
00000000,31050900,12045
00000000,31051000,12045
00000000,31051100,12045
00000000,31051200,12045
00000000,31060000,12046
00000000,31070000,12047
00000000,31070100,12047
00000000,31070200,12047
00000000,31070300,12047
00000000,31070400,12047
00000000,31070500,12047
00000000,31070600,12047
00000000,31070700,12047
00000000,31070800,12047
00000000,31070900,12047
00000000,31071000,12047
00000000,31071100,12047
00000000,31071200,12047
00000000,31080000,12048
00000000,31080100,12048
00000000,31080200,12048
00000000,31080300,12048
00000000,31080400,12048
00000000,31080500,12048
00000000,31080600,12048
00000000,31080700,12048
00000000,31080800,12048
00000000,31080900,12048
00000000,31081000,12048
00000000,31081100,12048
00000000,31081200,12048
00000000,31090000,12049
00000000,31090100,12049
00000000,31090200,12049
00000000,31090300,12049
00000000,31090400,12049
00000000,31090500,12049
00000000,31090600,12049
00000000,31090700,12049
00000000,31090800,12049
00000000,31090900,12049
00000000,31091000,12049
00000000,31091100,12049
00000000,31091200,12049
00000000,31100000,12050
00000000,31100100,12050
00000000,31100200,12050
00000000,31100300,12050
00000000,31100400,12050
00000000,31100500,12050
00000000,31100600,12050
00000000,31100700,12050
00000000,31100800,12050
00000000,31100900,12050
00000000,31101000,12050
00000000,31101100,12050
00000000,31101200,12050
00000000,31130000,12051
00000000,31130100,12051
00000000,31130200,12051
00000000,31130300,12051
00000000,31130400,12051
00000000,31130500,12051
00000000,31130600,12051
00000000,31130700,12051
00000000,31130800,12051
00000000,31130900,12051
00000000,31131000,12051
00000000,31131100,12051
00000000,31131200,12051
00000000,31140000,12052
00000000,31140100,12052
00000000,31140200,12052
00000000,31140300,12052
00000000,31140400,12052
00000000,31140500,12052
00000000,31140600,12052
00000000,31140700,12052
00000000,31140800,12052
00000000,31140900,12052
00000000,31141000,12052
00000000,31141100,12052
00000000,31141200,12052
00000000,31170000,12053
00000000,31170100,12053
00000000,31170200,12053
00000000,31170300,12053
00000000,31170400,12053
00000000,31170500,12053
00000000,31170600,12053
00000000,31170700,12053
00000000,31170800,12053
00000000,31170900,12053
00000000,31171000,12053
00000000,31171100,12053
00000000,31171200,12053
00000000,31190000,12055
00000000,31190100,12055
00000000,31190200,12055
00000000,31190300,12055
00000000,31190400,12055
00000000,31190500,12055
00000000,31190600,12055
00000000,31190700,12055
00000000,31190800,12055
00000000,31190900,12055
00000000,31191000,12055
00000000,31191100,12055
00000000,31191200,12055
00000000,31230000,12059
00000000,31230100,12059
00000000,31230200,12059
00000000,31230300,12059
00000000,31230400,12059
00000000,31230500,12059
00000000,31230600,12059
00000000,31230700,12059
00000000,31230800,12059
00000000,31230900,12059
00000000,31231000,12059
00000000,31231100,12059
00000000,31231200,12059
00000000,31240000,12060
00000000,31240100,12060
00000000,31240200,12060
00000000,31240300,12060
00000000,31240400,12060
00000000,31240500,12060
00000000,31240600,12060
00000000,31240700,12060
00000000,31240800,12060
00000000,31240900,12060
00000000,31241000,12060
00000000,31241100,12060
00000000,31241200,12060
00000000,31250000,12061
00000000,31250100,12061
00000000,31250200,12061
00000000,31250300,12061
00000000,31250400,12061
00000000,31250500,12061
00000000,31250600,12061
00000000,31250700,12061
00000000,31250800,12061
00000000,31250900,12061
00000000,31251000,12061
00000000,31251100,12061
00000000,31251200,12061
00000000,31260000,12062
00000000,31260100,12062
00000000,31260200,12062
00000000,31260300,12062
00000000,31260400,12062
00000000,31260500,12062
00000000,31260600,12062
00000000,31260700,12062
00000000,31260800,12062
00000000,31260900,12062
00000000,31261000,12062
00000000,31261100,12062
00000000,31261200,12062
00000000,31270000,12063
00000000,31270100,12063
00000000,31270200,12063
00000000,31270300,12063
00000000,31270400,12063
00000000,31270500,12063
00000000,31270600,12063
00000000,31270700,12063
00000000,31270800,12063
00000000,31270900,12063
00000000,31271000,12063
00000000,31271100,12063
00000000,31271200,12063
00000000,31280000,12064
00000000,31280100,12064
00000000,31280200,12064
00000000,31280300,12064
00000000,31280400,12064
00000000,31280500,12064
00000000,31280600,12064
00000000,31280700,12064
00000000,31280800,12064
00000000,31280900,12064
00000000,31281000,12064
00000000,31281100,12064
00000000,31281200,12064
00000000,31290000,12065
00000000,31290100,12065
00000000,31290200,12065
00000000,31290300,12065
00000000,31290400,12065
00000000,31290500,12065
00000000,31290600,12065
00000000,31290700,12065
00000000,31290800,12065
00000000,31290900,12065
00000000,31291000,12065
00000000,31291100,12065
00000000,31291200,12065
00000000,31300000,12066
00000000,31300100,12066
00000000,31300200,12066
00000000,31300300,12066
00000000,31300400,12066
00000000,31300500,12066
00000000,31300600,12066
00000000,31300700,12066
00000000,31300800,12066
00000000,31300900,12066
00000000,31301000,12066
00000000,31301100,12066
00000000,31301200,12066
00000000,31310000,12067
00000000,31310100,12067
00000000,31310200,12067
00000000,31310300,12067
00000000,31310400,12067
00000000,31310500,12067
00000000,31310600,12067
00000000,31310700,12067
00000000,31310800,12067
00000000,31310900,12067
00000000,31311000,12067
00000000,31311100,12067
00000000,31311200,12067
00000000,31320000,12068
00000000,31320100,12068
00000000,31320200,12068
00000000,31320300,12068
00000000,31320400,12068
00000000,31320500,12068
00000000,31320600,12068
00000000,31320700,12068
00000000,31320800,12068
00000000,31320900,12068
00000000,31321000,12068
00000000,31321100,12068
00000000,31321200,12068
00000000,31330000,12069
00000000,31330100,12069
00000000,31330200,12069
00000000,31330300,12069
00000000,31330400,12069
00000000,31330500,12069
00000000,31330600,12069
00000000,31330700,12069
00000000,31330800,12069
00000000,31330900,12069
00000000,31331000,12069
00000000,31331100,12069
00000000,31331200,12069
00000000,31340000,12070
00000000,31340100,12070
00000000,31340200,12070
00000000,31340300,12070
00000000,31340400,12070
00000000,31340500,12070
00000000,31340600,12070
00000000,31340700,12070
00000000,31340800,12070
00000000,31340900,12070
00000000,31341000,12070
00000000,31341100,12070
00000000,31341200,12070
00000000,32000000,12080
00000000,32000100,12080
00000000,32000200,12080
00000000,32000300,12080
00000000,32000400,12080
00000000,32000500,12080
00000000,32000600,12080
00000000,32000700,12080
00000000,32000800,12080
00000000,32000900,12080
00000000,32001000,12080
00000000,32001100,12080
00000000,32001200,12080
00000000,32020000,12081
00000000,32020100,12081
00000000,32020200,12081
00000000,32020300,12081
00000000,32020400,12081
00000000,32020500,12081
00000000,32020600,12081
00000000,32020700,12081
00000000,32020800,12081
00000000,32020900,12081
00000000,32021000,12081
00000000,32021100,12081
00000000,32021200,12081
00000000,32030000,12082
00000000,32040000,12083
00000000,32050000,12084
00000000,32050100,12084
00000000,32050200,12084
00000000,32050300,12084
00000000,32050400,12084
00000000,32050500,12084
00000000,32050600,12084
00000000,32050700,12084
00000000,32050800,12084
00000000,32050900,12084
00000000,32051000,12084
00000000,32051100,12084
00000000,32051200,12084
00000000,32080000,12086
00000000,32090000,12087
00000000,32090100,12087
00000000,32090200,12087
00000000,32090300,12087
00000000,32090400,12087
00000000,32090500,12087
00000000,32090600,12087
00000000,32090700,12087
00000000,32090800,12087
00000000,32090900,12087
00000000,32091000,12087
00000000,32091100,12087
00000000,32091200,12087
00000000,32120000,12090
00000000,32130000,12091
00000000,32130100,12091
00000000,32130200,12091
00000000,32130300,12091
00000000,32130400,12091
00000000,32130500,12091
00000000,32130600,12091
00000000,32130700,12091
00000000,32130800,12091
00000000,32130900,12091
00000000,32131000,12091
00000000,32131100,12091
00000000,32131200,12091
00000000,32140000,12092
00000000,32150000,12093
00000000,32160000,12094
00000000,32170000,12095
00000000,32170100,12095
00000000,32170200,12095
00000000,32170300,12095
00000000,32170400,12095
00000000,32170500,12095
00000000,32170600,12095
00000000,32170700,12095
00000000,32170800,12095
00000000,32170900,12095
00000000,32171000,12095
00000000,32171100,12095
00000000,32171200,12095
00000000,32190000,12097
00000000,32190100,12097
00000000,32190200,12097
00000000,32190300,12097
00000000,32190400,12097
00000000,32190500,12097
00000000,32190600,12097
00000000,32190700,12097
00000000,32190800,12097
00000000,32190900,12097
00000000,32191000,12097
00000000,32191100,12097
00000000,32191200,12097
00000000,32200000,12098
00000000,32200100,12098
00000000,32200200,12098
00000000,32200300,12098
00000000,32200400,12098
00000000,32200500,12098
00000000,32200600,12098
00000000,32200700,12098
00000000,32200800,12098
00000000,32200900,12098
00000000,32201000,12098
00000000,32201100,12098
00000000,32201200,12098
00000000,32210000,12099
00000000,32210100,12099
00000000,32210200,12099
00000000,32210300,12099
00000000,32210400,12099
00000000,32210500,12099
00000000,32210600,12099
00000000,32210700,12099
00000000,32210800,12099
00000000,32210900,12099
00000000,32211000,12099
00000000,32211100,12099
00000000,32211200,12099
00000000,32220000,12100
00000000,32230000,12101
00000000,32230100,12101
00000000,32230200,12101
00000000,32230300,12101
00000000,32230400,12101
00000000,32230500,12101
00000000,32230600,12101
00000000,32230700,12101
00000000,32230800,12101
00000000,32230900,12101
00000000,32231000,12101
00000000,32231100,12101
00000000,32231200,12101
00000000,32240000,12102
00000000,32240100,12102
00000000,32240200,12102
00000000,32240300,12102
00000000,32240400,12102
00000000,32240500,12102
00000000,32240600,12102
00000000,32240700,12102
00000000,32240800,12102
00000000,32240900,12102
00000000,32241000,12102
00000000,32241100,12102
00000000,32241200,12102
00000000,32250000,12103
00000000,32250100,12103
00000000,32250200,12103
00000000,32250300,12103
00000000,32250400,12103
00000000,32250500,12103
00000000,32250600,12103
00000000,32250700,12103
00000000,32250800,12103
00000000,32250900,12103
00000000,32251000,12103
00000000,32251100,12103
00000000,32251200,12103
00000000,32260000,12104
00000000,32260100,12104
00000000,32260200,12104
00000000,32260300,12104
00000000,32260400,12104
00000000,32260500,12104
00000000,32260600,12104
00000000,32260700,12104
00000000,32260800,12104
00000000,32260900,12104
00000000,32261000,12104
00000000,32261100,12104
00000000,32261200,12104
00000000,32270000,12105
00000000,32270100,12105
00000000,32270200,12105
00000000,32270300,12105
00000000,32270400,12105
00000000,32270500,12105
00000000,32270600,12105
00000000,32270700,12105
00000000,32270800,12105
00000000,32270900,12105
00000000,32271000,12105
00000000,32271100,12105
00000000,32271200,12105
00000000,32280000,12106
00000000,32280100,12106
00000000,32280200,12106
00000000,32280300,12106
00000000,32280400,12106
00000000,32280500,12106
00000000,32280600,12106
00000000,32280700,12106
00000000,32280800,12106
00000000,32280900,12106
00000000,32281000,12106
00000000,32281100,12106
00000000,32281200,12106
00000000,32290000,12107
00000000,32290100,12107
00000000,32290200,12107
00000000,32290300,12107
00000000,32290400,12107
00000000,32290500,12107
00000000,32290600,12107
00000000,32290700,12107
00000000,32290800,12107
00000000,32290900,12107
00000000,32291000,12107
00000000,32291100,12107
00000000,32291200,12107
00000000,32300000,12108
00000000,32300100,12108
00000000,32300200,12108
00000000,32300300,12108
00000000,32300400,12108
00000000,32300500,12108
00000000,32300600,12108
00000000,32300700,12108
00000000,32300800,12108
00000000,32300900,12108
00000000,32301000,12108
00000000,32301100,12108
00000000,32301200,12108
00000000,32900000,12099
00000000,32910000,12093
00000000,32920000,12081
00000000,33000000,11200
00000000,33040000,11201
00000000,33050000,11202
00000000,33060000,11203
00000000,33090000,11204
00000000,33120000,11205
00000000,33130000,11206
00000000,33170000,11208
00000000,33180000,11209
00000000,33190000,11210
00000000,33200000,11212
00000000,33210000,11211
00000000,33230000,11214
00000000,33240000,11215
00000000,33250000,11216
00000000,33260000,11217
00000000,33270000,11218
00000000,33280000,11219
00000000,33900000,11212
00000000,33910000,11212
00000000,33920000,11209
00000000,33930000,11211
00000000,33940000,11212
00000000,33950000,11208
00000000,33960000,11206
00000000,33970000,11216
00000000,33980000,11219
00000000,34000000,11240
00000000,34010000,11241
00000000,34020000,11242
00000000,34030000,11243
00000000,34040000,11244
00000000,34060000,11247
00000000,34070000,11246
00000000,34080000,11248
00000000,34090000,11249
00000000,34900000,11240
00000000,34910000,11240
00000000,34920000,11242
00000000,34930000,11247
00000000,34940000,11246
00000000,34950000,11248
00000000,34960000,11240
00000000,34970000,11243
00000000,34980000,11244
00000000,34990000,11249
00000000,40000000,11000
00000000,40010000,11001
00000000,40020000,11002
00000000,40030000,11003
00000000,40050000,11005
00000000,41000000,11040
00000000,41010000,11041
00000000,41020000,11042
00000000,41030000,11043
00000000,41040000,11044
00000000,41060000,11046
00000000,41070000,11047
00000000,42000000,11080
00000000,42010000,11081
00000000,42030000,11083
00000000,42040000,11084
00000000,43000000,11120
00000000,43020000,11121
00000000,43030000,11122
00000000,43050000,11123
00000000,43060000,11124
00000000,43080000,11125
00000000,43110000,11128
00000000,43900000,11125
00000000,44000000,11160
00000000,44010000,11161
00000000,47000000,1178
00000000,47010000,1179
00000000,50000000,17000
00000000,50010000,17001
00000000,50020000,17002
00000000,50030000,17003
00000000,50040000,17004
00000000,50060000,17018
00000000,50080000,17020
00000000,50090000,17009
00000000,50100000,17010
00000000,50110000,17011
00000000,50130000,17012
00000000,50140000,17013
00000000,50150000,17014
00000000,50160000,17015
00000000,50170000,17016
00000000,50180000,17017
00000000,50190000,17035
00000000,50200000,17022
00000000,50210000,17023
00000000,50220000,17021
00000000,50230000,17019
00000000,50240000,17024
00000000,50260000,17025
00000000,50270000,17026
00000000,50280000,17027
00000000,50290000,17028
00000000,50300000,17029
00000000,50310000,17030
00000000,50320000,17031
00000000,50330000,17032
00000000,50340000,17033
00000000,50350000,17034
00000000,51000000,17100
00000000,51010000,17101
00000000,51020000,17102
00000000,51030000,17103
00000000,51040000,17105
00000000,51050000,17104
00000000,51060000,17106
00000000,52000000,17200
00000000,52010000,17201
00000000,52020000,17202
00000000,52030000,17212
00000000,52040000,17204
00000000,52050000,17211
00000000,52060000,17205
00000000,52070000,17213
00000000,52080000,17210
00000000,52090000,17214
00000000,52100000,17215
00000000,52110000,17224
00000000,52120000,17216
00000000,52130000,17217
00000000,52140000,17218
00000000,52150000,17219
00000000,52160000,17220
00000000,52170000,17221
00000000,52180000,17222
00000000,52190000,17223
00000000,52900000,17200
00000000,52910000,17212
00000000,53000000,17207
00000000,53010000,17208
00000000,53020000,17209
00000000,53030000,17300
00000000,98990000,2011
00000000,99000000,1013
00000000,99010000,1047
00000000,99020000,1104
00000000,99030000,20
00000000,99040000,1155
00000000,99050000,1153
00000000,99060000,1177
10000000,10000,1097
10000000,10100,1098
10000000,10200,1099
10000000,10300,1100
10000000,40000,13000
10000000,40100,13001
10000000,40200,13002
10000000,40300,13003
10000000,50000,13010
10000000,50100,13011
10000000,50200,13012
10000000,50300,13013
10000000,60000,13020
10000000,60100,13021
10000000,60200,13022
10000000,60300,13023
10000000,61000,13030
10000000,61100,13031
10000000,80000,13040
10000000,80100,13041
10000000,80200,13042
10000000,80300,13043
10000000,81100,13051
10000000,90000,13060
10000000,90100,13061
10000000,90200,13062
10000000,90300,13063
10000000,91100,13065
10000000,100000,13070
10000000,100100,13071
10000000,100200,13072
10000000,100300,13073
10000000,101100,13081
10000000,120000,13090
10000000,120100,13091
10000000,120200,13092
10000000,120300,13093
10000000,121000,13100
10000000,121100,13101
10000000,130000,13110
10000000,130100,13111
10000000,130200,13112
10000000,130300,13113
10000000,131100,13121
10000000,140000,13130
10000000,140100,13131
10000000,140200,13132
10000000,140300,13133
10000000,150000,13140
10000000,150100,13141
10000000,150200,13142
10000000,150300,13143
10000000,151100,13151
10000000,160000,13160
10000000,160100,13161
10000000,160300,13163
10000000,170000,13170
10000000,170100,13171
10000000,170200,13172
10000000,170300,13173
10000000,171100,13181
10000000,180000,13190
10000000,180100,13191
10000000,180200,13192
10000000,180300,13193
10000000,181100,13201
10000000,190000,13210
10000000,190100,13211
10000000,190200,13212
10000000,190300,13213
10000000,200000,13220
10000000,200100,13221
10000000,200200,13222
10000000,200300,13223
10000000,201000,13230
10000000,201100,13231
10000000,202100,13221
10000000,210000,13240
10000000,210100,13241
10000000,210200,13242
10000000,210300,13243
10000000,211100,13251
10000000,220000,13260
10000000,220100,13261
10000000,220300,13263
10000000,221100,13271
10000000,230000,13280
10000000,230100,13281
10000000,230200,13282
10000000,230300,13283
10000000,231000,13290
10000000,231100,13291
10000000,240000,13300
10000000,240100,13301
10000000,240200,13302
10000000,240300,13303
10000000,241100,13311
10000000,250000,13320
10000000,250100,13321
10000000,250300,13323
10000000,251100,13331
10000000,260000,13340
10000000,260100,13341
10000000,260200,13342
10000000,260300,13343
10000000,270000,13350
10000000,270100,13351
10000000,270200,13352
10000000,270300,13353
10000000,271100,13361
10000000,280000,13370
10000000,280100,13371
10000000,280200,13372
10000000,280300,13373
10000000,281100,13381
10000000,290000,13390
10000000,290100,13391
10000000,290200,13392
10000000,290300,13393
10000000,291000,13400
10000000,291100,13401
10000000,292000,13410
10000000,292100,13411
10000000,293000,15460
10000000,293100,15461
10000000,294000,15470
10000000,294100,15471
10000000,300000,13420
10000000,300100,13421
10000000,300300,13423
10000000,301000,13425
10000000,301100,13426
10000000,301300,13428
10000000,310000,13430
10000000,310100,13431
10000000,310300,13433
10000000,311100,13441
10000000,320000,13450
10000000,320100,13451
10000000,320300,13453
10000000,330000,13460
10000000,330100,13461
10000000,330200,13462
10000000,330300,13463
10000000,331100,13471
10000000,340000,13480
10000000,340100,13481
10000000,340200,13482
10000000,340300,13483
10000000,341000,13490
10000000,341100,13491
10000000,350000,13500
10000000,350100,13501
10000000,350200,13502
10000000,350300,13503
10000000,351000,13510
10000000,351100,13511
10000000,351200,13512
10000000,351300,13513
10000000,360000,13520
10000000,360100,13521
10000000,360200,13522
10000000,360300,13523
10000000,361100,13531
10000000,370000,13540
10000000,370100,13541
10000000,370300,13543
10000000,371100,13551
10000000,380000,13560
10000000,380100,13561
10000000,390000,13570
10000000,390100,13571
10000000,390300,13573
10000000,420000,13600
10000000,420100,13601
10000000,420200,13602
10000000,420300,13603
10000000,430000,13610
10000000,430100,13611
10000000,430300,13613
10000000,440000,13620
10000000,460000,13650
10000000,460100,13651
10000000,460200,13652
10000000,460300,13653
10000000,461100,13661
10000000,470000,13670
10000000,470100,13671
10000000,470200,13672
10000000,470300,13673
10000000,471100,14701
10000000,480100,13681
10000000,481100,14711
10000000,510000,13710
10000000,510100,13711
10000000,510200,13712
10000000,510300,13713
10000000,520000,13720
10000000,520100,13721
10000000,520200,13722
10000000,520300,13723
10000000,530000,13730
10000000,530100,13731
10000000,530200,13732
10000000,530300,13733
10000000,540000,13740
10000000,540100,13741
10000000,540200,13742
10000000,540300,13743
10000000,541100,13751
10000000,570000,13800
10000000,570100,13801
10000000,570200,13802
10000000,570300,13803
10000000,571000,13810
10000000,571100,13811
10000000,572100,13821
10000000,573100,13831
10000000,580000,13840
10000000,580100,13841
10000000,580200,13842
10000000,580300,13843
10000000,581000,13850
10000000,581100,13851
10000000,581200,13852
10000000,590000,13860
10000000,590100,13861
10000000,590200,13862
10000000,590300,13863
10000000,591100,13871
10000000,600000,13880
10000000,600100,13881
10000000,600200,13882
10000000,600300,13883
10000000,601100,13891
10000000,610000,13900
10000000,610100,13901
10000000,610200,13902
10000000,610300,13903
10000000,611000,13910
10000000,611100,13911
10000000,620000,13920
10000000,620100,13921
10000000,620300,13923
10000000,621100,13931
10000000,622100,13941
10000000,630000,13950
10000000,630100,13951
10000000,630200,13952
10000000,630300,13953
10000000,631100,13961
10000000,640000,13970
10000000,640100,13971
10000000,640200,13972
10000000,640300,13973
10000000,641100,13981
10000000,650000,13990
10000000,650100,13991
10000000,650200,13992
10000000,650300,13993
10000000,651000,14000
10000000,652100,14001
10000000,660000,14010
10000000,660100,14011
10000000,660200,14012
10000000,660300,14013
10000000,661100,14021
10000000,670000,14030
10000000,670100,14031
10000000,670200,14032
10000000,670300,14033
10000000,680000,14040
10000000,680100,14041
10000000,680200,14042
10000000,680300,14043
10000000,681100,14051
10000000,690000,14060
10000000,690100,14061
10000000,690200,14062
10000000,690300,14063
10000000,700000,14070
10000000,700100,14071
10000000,700200,14072
10000000,700300,14073
10000000,701000,14090
10000000,702000,14081
10000000,720000,14100
10000000,720100,14101
10000000,720200,14102
10000000,720300,14103
10000000,721100,14111
10000000,730000,14120
10000000,730100,14121
10000000,730200,14122
10000000,730300,14123
10000000,740000,14130
10000000,740100,14131
10000000,740200,14132
10000000,740300,14133
10000000,741000,14140
10000000,742000,14130
10000000,760000,14150
10000000,760100,14151
10000000,760200,14152
10000000,760300,14153
10000000,761100,14161
10000000,770000,14170
10000000,770100,14171
10000000,770200,14172
10000000,770300,14173
10000000,771100,14181
10000000,780000,14190
10000000,780100,14191
10000000,780200,14192
10000000,780300,14193
10000000,781100,14201
10000000,790000,14210
10000000,790100,14211
10000000,790200,14212
10000000,790300,14213
10000000,791100,14221
10000000,800000,14230
10000000,800100,14231
10000000,801000,14240
10000000,801100,14241
10000000,802000,14250
10000000,802100,14251
10000000,810000,14260
10000000,810100,14261
10000000,810300,14263
10000000,811000,14270
10000000,811100,14271
10000000,812000,14281
10000000,812100,14291
10000000,820000,14300
10000000,830000,14310
10000000,830100,14311
10000000,830200,14312
10000000,830300,14313
10000000,831000,14320
10000000,832000,14330
10000000,833000,14340
10000000,834000,14720
10000000,834100,14730
10000000,835000,14730
10000000,835100,14311
10000000,835200,14312
10000000,835300,14313
10000000,836000,14720
10000000,840000,14350
10000000,840100,14351
10000000,850000,14360
10000000,860000,14370
10000000,860100,14371
10000000,860200,14372
10000000,860300,14373
10000000,861100,14381
10000000,870000,14390
10000000,870100,14391
10000000,870200,14392
10000000,870300,14393
10000000,871100,14401
10000000,872000,14410
10000000,872100,14411
10000000,872200,14412
10000000,872300,14413
10000000,873000,14410
10000000,880000,14420
10000000,880100,14421
10000000,880200,14422
10000000,880300,14423
10000000,881000,14430
10000000,881100,14431
10000000,890000,14440
10000000,890100,14441
10000000,890300,14443
10000000,891000,14450
10000000,892100,14441
10000000,900000,14460
10000000,900100,14461
10000000,900200,14462
10000000,900300,14463
10000000,901100,14471
10000000,901200,3141
10000000,901600,3141
10000000,902000,14480
10000000,902100,14481
10000000,902300,14482
10000000,903100,14491
10000000,904100,14481
10000000,910000,14500
10000000,910100,14501
10000000,910200,14502
10000000,910300,14503
10000000,911000,14510
10000000,911100,14511
10000000,912000,14500
10000000,912100,14501
10000000,912200,14502
10000000,912300,14503
10000000,913000,14500
10000000,920000,14520
10000000,930000,14530
10000000,930100,14531
10000000,930200,14532
10000000,930300,14533
10000000,931100,14541
10000000,940000,14550
10000000,940100,14551
10000000,940200,14552
10000000,940300,14553
10000000,941000,14560
10000000,950000,14570
10000000,950100,14571
10000000,950200,14572
10000000,950300,14573
10000000,951100,14581
10000000,960000,14590
10000000,960100,14591
10000000,960300,14593
10000000,961000,14610
10000000,961100,14611
10000000,962100,14621
10000000,963000,14600
10000000,963100,14601
10000000,963200,14613
10000000,964000,14620
10000000,964100,14603
10000000,965000,14590
10000000,965100,14591
10000000,965300,14593
10000000,966000,14610
10000000,967000,14600
10000000,970000,14630
10000000,970100,14631
10000000,970200,14632
10000000,970300,14633
10000000,980000,14640
10000000,980100,14641
10000000,980200,14642
10000000,980300,14643
10000000,981100,14651
10000000,990000,14660
10000000,990100,14661
10000000,990200,14662
10000000,990300,14663
10000000,991100,14671
10000000,992000,14660
10000000,1000000,14680
10000000,1000100,14681
10000000,1000200,14682
10000000,1000300,14683
10000000,1010000,14740
10000000,1010100,14741
10000000,1010300,14743
10000000,1011100,14751
10000000,1020100,14761
10000000,1020200,14762
10000000,1020300,14763
10000000,1030000,14770
10000000,1030100,14771
10000000,1040000,14780
10000000,1040100,14781
10000000,1040200,14782
10000000,1040300,14783
10000000,1050100,14791
10000000,1060000,14800
10000000,1060100,14801
10000000,1070000,14810
10000000,1070100,14811
10000000,1070200,14812
10000000,1070300,14813
10000000,1080000,14820
10000000,1081000,14830
10000000,1082000,14840
10000000,1083000,14850
10000000,1084000,14860
10000000,1085000,14870
10000000,1090000,14880
10000000,1100000,14890
10000000,1100100,14891
10000000,1100200,14892
10000000,1100300,14893
10000000,1101000,14900
10000000,1101100,14901
10000000,1102100,14911
10000000,1110000,14920
10000000,1120000,14930
10000000,1130000,14940
10000000,1130100,14941
10000000,1130200,14942
10000000,1130300,14943
10000000,1300000,14950
10000000,1301000,14960
10000000,1400000,14970
10000000,1400100,14971
10000000,1400200,14972
10000000,1400300,14973
10000000,1401000,14980
10000000,1500000,14990
10000000,1500100,14991
10000000,1500200,14992
10000000,1500300,14993
10000000,1600000,15000
10000000,1610000,15000
10000000,1700000,15010
10000000,1700100,15011
10000000,1700200,15012
10000000,1700300,15013
10000000,1710000,15020
10000000,1710100,15021
10000000,1710200,15022
10000000,1710300,15023
10000000,1720000,15030
10000000,1720100,15031
10000000,1720200,15032
10000000,1720300,15033
10000000,1730000,15040
10000000,1730100,15041
10000000,1730200,15042
10000000,1730300,15043
10000000,1740100,15051
10000000,1740200,15052
10000000,1740300,15053
10000000,1750000,15060
10000000,1750100,15061
10000000,1750200,15062
10000000,1750300,15063
10000000,1760000,15070
10000000,1760100,15071
10000000,1760200,15072
10000000,1760300,15073
10000000,1761100,15081
10000000,1770000,15090
10000000,1770100,15091
10000000,1770200,15092
10000000,1770300,15093
10000000,1771100,15101
10000000,1780000,15110
10000000,1780100,15111
10000000,1780200,15112
10000000,1780300,15113
10000000,1781100,15121
10000000,1790000,15130
10000000,1790100,15131
10000000,1790200,15132
10000000,1790300,15133
10000000,1791100,15141
10000000,1800000,15150
10000000,1800100,15151
10000000,1800200,15152
10000000,1800300,15153
10000000,1801100,15161
10000000,1810100,15171
10000000,1810200,15172
10000000,1810300,15173
10000000,1811100,15181
10000000,1820000,15190
10000000,1820100,15191
10000000,1820200,15192
10000000,1820300,15193
10000000,1821100,15201
10000000,1830000,15210
10000000,1830100,15211
10000000,1830200,15212
10000000,1830300,15213
10000000,1840000,15220
10000000,1840100,15221
10000000,1850000,15230
10000000,1850100,15231
10000000,1860000,15240
10000000,1860100,15241
10000000,1870100,15251
10000000,1880000,15260
10000000,1880100,15261
10000000,1890000,15270
10000000,1890100,15271
10000000,1890200,15272
10000000,1890300,15273
10000000,1900000,15280
10000000,1901000,15290
10000000,1902000,15300
10000000,1910000,15310
10000000,1920000,15320
10000000,1930100,15331
10000000,1930300,15333
10000000,1932100,15331
10000000,1940000,15340
10000000,1940100,15341
10000000,1941100,15351
10000000,1950100,15361
10000000,1950200,15362
10000000,1950300,15363
10000000,1960100,3142
10000000,1960200,3142
10000000,1970100,15371
10000000,1970200,15372
10000000,1971100,3142
10000000,1971200,3142
10000000,1980000,15380
10000000,1980100,15381
10000000,1980200,15382
10000000,1990000,15390
10000000,1990100,15391
10000000,1991100,15401
10000000,2000000,15410
10000000,2000100,15411
10000000,2000300,15413
10000000,2001100,15421
10000000,2010000,15430
10000000,2020000,15440
10000000,2030000,15451
20000000,1000,18000
20000000,1001,18001
20000000,1002,18002
20000000,1010,18010
20000000,1011,18011
20000000,1012,18012
20000000,1020,18020
20000000,1021,18021
20000000,1022,18022
20000000,1030,18030
20000000,1031,18031
20000000,1032,18032
20000000,1040,18040
20000000,1041,18041
20000000,1042,18042
20000000,1050,18050
20000000,1051,18051
20000000,1060,18070
20000000,1070,18080
20000000,1080,18090
20000000,1090,18100
20000000,1100,18110
20000000,1110,18120
20000000,1140,18150
20000000,1150,18160
20000000,1160,18170
20000000,1161,18171
20000000,1170,18180
20000000,1171,18181
20000000,1180,18190
20000000,1181,18191
20000000,1190,3220
20000000,1191,18201
20000000,1200,18210
20000000,1201,18211
20000000,1210,18220
20000000,1220,18060
20000000,1221,18061
20000000,1230,18870
20000000,1231,18871
20000000,1250,18890
20000000,2000,18230
20000000,2010,18240
20000000,2020,18250
20000000,2030,18260
20000000,2040,18270
20000000,2050,18280
20000000,2060,18290
20000000,2070,18300
20000000,2080,18310
20000000,2081,18311
20000000,2090,18320
20000000,2100,18330
20000000,2110,18350
20000000,2120,18360
20000000,2130,18370
20000000,2140,18380
20000000,2150,18340
20000000,2160,18390
20000000,2170,18400
20000000,2180,18800
20000000,2190,18810
20000000,2200,18820
20000000,2210,18830
20000000,2220,18840
20000000,3000,18410
20000000,3001,18411
20000000,3040,18440
20000000,3050,18450
20000000,3060,18460
20000000,3070,18470
20000000,3080,18480
20000000,3090,18860
20000000,4000,18490
20000000,4001,18491
20000000,4002,18492
20000000,4003,18493
20000000,4010,18500
20000000,4011,18501
20000000,4012,18502
20000000,4020,18510
20000000,4021,18511
20000000,4022,18512
20000000,4030,18520
20000000,4031,18521
20000000,4032,18522
20000000,4040,18530
20000000,4041,18531
20000000,4042,18532
20000000,4050,18540
20000000,4051,18541
20000000,4052,18542
20000000,4060,18550
20000000,4070,18560
20000000,4080,18570
20000000,4090,18580
20000000,4100,18590
20000000,4110,18600
20000000,5000,18610
20000000,5010,18620
20000000,5020,18630
20000000,5030,18640
20000000,5040,18650
20000000,5050,18660
20000000,5060,18670
20000000,6000,18680
20000000,6010,18690
20000000,6020,18700
20000000,6040,18720
20000000,6050,18730
20000000,6060,18740
20000000,6070,18750
20000000,6080,18760
20000000,6090,18770
20000000,6100,18780
20000000,6110,18880
20000000,999999999,18880
40000000,21,4121
40000000,22,4032
40000000,23,4000
40000000,24,4001
40000000,25,4004
40000000,26,4006
40000000,27,4015
40000000,28,4065
40000000,29,4060
40000000,30,4061
40000000,31,4015
40000000,35,4128
40000000,100,1
40000000,101,2
40000000,102,3
40000000,103,4
40000000,104,600
40000000,105,601
40000000,106,5
40000000,107,634
40000000,108,7
40000000,109,602
40000000,110,603
40000000,111,8
40000000,112,635
40000000,113,636
40000000,114,674
40000000,115,9
40000000,130,13
40000000,135,626
40000000,150,14
40000000,166,1
40000000,170,575
40000000,171,576
40000000,172,577
40000000,174,579
40000000,175,580
40000000,178,578
40000000,179,581
40000000,180,582
40000000,181,558
40000000,182,583
40000000,183,675
40000000,184,676
40000000,190,584
40000000,191,3201
40000000,192,3204
40000000,193,3200
40000000,194,3203
40000000,195,3205
40000000,196,3206
40000000,250,24
40000000,251,23
40000000,300,25
40000000,301,26
40000000,302,606
40000000,320,28
40000000,321,29
40000000,330,30
40000000,340,31
40000000,350,32
40000000,351,604
40000000,360,560
40000000,370,561
40000000,380,565
40000000,390,86
40000000,391,87
40000000,400,34
40000000,420,36
40000000,430,37
40000000,440,566
40000000,450,567
40000000,460,707
40000000,470,615
40000000,490,617
40000000,510,618
40000000,600,585
40000000,610,586
40000000,630,573
40000000,640,213
40000000,650,196
40000000,660,197
40000000,661,559
40000000,670,611
40000000,810,595
40000000,811,607
40000000,812,608
40000000,820,638
40000000,830,639
40000000,900,43
40000000,910,44
40000000,920,45
40000000,930,46
40000000,940,47
40000000,950,950
40000000,960,49
40000000,1000,15
40000000,1001,16
40000000,1002,15
40000000,1003,16
40000000,1004,15
40000000,1005,16
40000000,1006,15
40000000,1007,16
40000000,1008,15
40000000,1009,16
40000000,1010,15
40000000,1011,16
40000000,1012,15
40000000,1013,16
40000000,1014,15
40000000,1015,16
40000000,1016,15
40000000,1017,16
40000000,1018,15
40000000,1019,16
40000000,1020,15
40000000,1021,16
40000000,1022,15
40000000,1023,16
40000000,1024,15
40000000,1025,16
40000000,1050,19
40000000,1051,20
40000000,1052,19
40000000,1053,20
40000000,1054,19
40000000,1055,20
40000000,1056,19
40000000,1057,20
40000000,1058,19
40000000,1059,20
40000000,1060,19
40000000,1061,20
40000000,1062,19
40000000,1063,20
40000000,1064,19
40000000,1065,20
40000000,1066,19
40000000,1067,20
40000000,1068,19
40000000,1069,20
40000000,1070,19
40000000,1071,20
40000000,1072,19
40000000,1073,20
40000000,1074,19
40000000,1075,20
40000000,1100,50
40000000,1110,52
40000000,1120,53
40000000,1130,54
40000000,1140,55
40000000,1150,56
40000000,1160,57
40000000,1170,58
40000000,1180,59
40000000,1190,60
40000000,1200,62
40000000,1210,63
40000000,1235,564
40000000,1240,3052
40000000,1290,3282
40000000,1310,568
40000000,1320,569
40000000,1330,570
40000000,1340,571
40000000,1400,64
40000000,1410,65
40000000,1420,66
40000000,1430,605
40000000,1440,68
40000000,1450,69
40000000,1460,70
40000000,1470,71
40000000,1480,621
40000000,1490,612
40000000,1500,72
40000000,1510,73
40000000,1520,74
40000000,1530,614
40000000,1540,76
40000000,1550,77
40000000,1560,78
40000000,1570,79
40000000,1590,613
40000000,1690,590
40000000,1700,80
40000000,1710,82
40000000,1720,83
40000000,1730,84
40000000,1740,85
40000000,1750,622
40000000,1760,523
40000000,1830,702
40000000,1831,703
40000000,1840,704
40000000,1841,705
40000000,2020,90
40000000,2030,91
40000000,2040,92
40000000,2050,572
40000000,2070,93
40000000,2080,94
40000000,2090,557
40000000,2100,591
40000000,2120,592
40000000,2130,624
40000000,2140,597
40000000,2150,598
40000000,2160,625
40000000,2190,630
40000000,2200,95
40000000,2201,96
40000000,2202,97
40000000,2203,98
40000000,2204,99
40000000,2205,100
40000000,2206,101
40000000,2207,631
40000000,2900,143
40000000,2901,144
40000000,2902,145
40000000,2903,146
40000000,2904,147
40000000,2905,148
40000000,2906,149
40000000,2907,150
40000000,2908,151
40000000,2909,152
40000000,2910,153
40000000,2911,154
40000000,2912,155
40000000,2913,156
40000000,2914,157
40000000,2915,158
40000000,2916,159
40000000,2917,160
40000000,2918,161
40000000,2919,162
40000000,2950,163
40000000,2951,164
40000000,2952,165
40000000,2953,166
40000000,2954,167
40000000,2955,168
40000000,2956,169
40000000,2957,170
40000000,2958,171
40000000,2959,172
40000000,2960,173
40000000,2961,174
40000000,2962,175
40000000,2963,176
40000000,2964,177
40000000,2990,150
40000000,3000,193
40000000,3010,593
40000000,3011,677
40000000,3020,594
40000000,3030,599
40000000,3040,3068
40000000,3050,198
40000000,3051,706
40000000,3060,199
40000000,3070,200
40000000,3080,201
40000000,3310,210
40000000,3311,562
40000000,3320,211
40000000,3350,623
40000000,3360,449
40000000,3361,3276
40000000,3500,226
40000000,3510,216
40000000,3520,587
40000000,3550,225
40000000,3580,221
40000000,3610,224
40000000,4000,6000
40000000,4001,6015
40000000,4010,6001
40000000,4020,6002
40000000,4021,6003
40000000,4030,6004
40000000,4040,6010
40000000,4050,6016
40000000,4060,6009
40000000,4070,6014
40000000,4080,6017
40000000,4090,6006
40000000,4100,6018
40000000,4110,6019
40000000,4120,6020
40000000,4130,6103
40000000,4140,6102
40000000,4200,6012
40000000,4210,6021
40000000,4220,6022
40000000,4300,6005
40000000,4301,6023
40000000,4302,6024
40000000,4360,6007
40000000,4361,6025
40000000,4370,6011
40000000,4380,6013
40000000,4381,6026
40000000,4390,6027
40000000,4400,6028
40000000,4410,6029
40000000,4420,6030
40000000,4430,6050
40000000,4431,6031
40000000,4440,6051
40000000,4450,6052
40000000,4460,6100
40000000,4470,6101
40000000,4480,6032
40000000,4490,6507
40000000,4500,6033
40000000,4510,6034
40000000,4520,6035
40000000,4600,6036
40000000,4610,6037
40000000,4620,6038
40000000,4630,6039
40000000,4640,6040
40000000,4650,6041
40000000,4660,6702
40000000,4670,6704
40000000,4700,6070
40000000,4701,6042
40000000,4710,6071
40000000,4720,6043
40000000,4721,6044
40000000,4800,6205
40000000,4810,6212
40000000,4820,6213
40000000,4830,6045
40000000,4900,6046
40000000,4910,6047
40000000,5000,6048
40000000,5001,6049
40000000,5010,6053
40000000,5020,6054
40000000,5030,6099
40000000,5040,6104
40000000,5100,6607
40000000,5110,6608
40000000,6000,6200
40000000,6010,6202
40000000,6100,6204
40000000,6110,6207
40000000,6210,6203
40000000,6230,6210
40000000,6240,6214
40000000,6250,6306
40000000,6260,6310
40000000,6270,6055
40000000,6300,6056
40000000,6310,6254
40000000,6320,6307
40000000,6330,6311
40000000,6340,6255
40000000,6400,6250
40000000,6410,6251
40000000,6420,6300
40000000,6421,6301
40000000,6422,6505
40000000,6423,6506
40000000,6424,6302
40000000,6430,6304
40000000,6431,6305
40000000,6440,6057
40000000,6441,6058
40000000,6450,6707
40000000,6460,6708
40000000,6470,6709
40000000,6480,6710
40000000,6490,6711
40000000,6500,6253
40000000,6510,6312
40000000,6520,6313
40000000,6530,6059
40000000,6600,6504
40000000,6700,6252
40000000,6701,6061
40000000,6710,6062
40000000,6720,6063
40000000,6730,6064
40000000,6740,6065
40000000,6750,6256
40000000,6760,6066
40000000,6770,6067
40000000,6780,6068
40000000,6800,6400
40000000,6810,6401
40000000,6820,6402
40000000,6830,6403
40000000,6840,6500
40000000,6850,6503
40000000,6900,6406
40000000,6910,6069
40000000,6920,6408
40000000,6921,6072
40000000,6930,6073
40000000,6940,6074
40000000,6941,6075
40000000,6950,6076
40000000,6960,6077
40000000,6970,6078
40000000,6971,6079
40000000,7000,6080
40000000,7001,6081
40000000,7010,6082
40000000,7011,6105
40000000,7020,6083
40000000,7021,6084
40000000,7030,6085
40000000,7031,6086
40000000,7040,6087
40000000,7041,6088
40000000,7050,6089
40000000,7060,6090
40000000,7080,6091
40000000,7090,6092
40000000,7200,6609
40000000,7210,6611
40000000,7220,6610
40000000,7230,6612
40000000,7240,6713
40000000,7300,6094
40000000,7310,6095
40000000,7311,6096
40000000,7320,6097
40000000,7330,6098
40000000,7500,6613
40000000,7510,6614
40000000,7520,6615
40000000,7530,6712
40000000,7900,6060
40000000,7903,6706
40000000,8000,228
40000000,8010,229
40000000,8105,3000
40000000,8106,3001
40000000,8107,3002
40000000,8109,3006
40000000,8111,3060
40000000,8121,3050
40000000,8126,3054
40000000,8127,3055
40000000,8128,3056
40000000,8129,3057
40000000,8130,3064
40000000,8131,3059
40000000,8132,3055
40000000,8133,3061
40000000,8134,3062
40000000,8136,3064
40000000,8137,3055
40000000,8142,3283
40000000,8143,3071
40000000,8144,3072
40000000,8146,3074
40000000,8148,3078
40000000,8149,3079
40000000,8150,3080
40000000,8151,3081
40000000,8152,3082
40000000,8153,3083
40000000,8154,3087
40000000,8155,3088
40000000,8158,3092
40000000,8159,3093
40000000,8161,3095
40000000,8162,3096
40000000,8163,3097
40000000,8164,3098
40000000,8166,3100
40000000,8167,3101
40000000,8168,3102
40000000,8169,3103
40000000,8171,3105
40000000,8172,3106
40000000,8173,3101
40000000,8174,3006
40000000,8175,3270
40000000,8176,3271
40000000,8182,3116
40000000,8183,3117
40000000,8184,3118
40000000,8185,3075
40000000,8186,3198
40000000,8187,3224
40000000,8188,3225
40000000,8189,3226
40000000,8190,3280
40000000,8191,3228
40000000,8193,3272
40000000,8194,3273
40000000,8196,3275
40000000,8197,3227
40000000,8198,3277
40000000,8199,3279
40000000,8200,3066
40000000,8201,3207
40000000,8202,3208
40000000,8203,3209
40000000,8204,3210
40000000,8205,3211
40000000,8206,3212
40000000,8221,3281
40000000,8222,3284
40000000,8223,3281
40000000,8500,259
40000000,8590,3090
40000000,8601,262
40000000,8606,268
40000000,8608,267
40000000,8609,271
40000000,8610,270
40000000,8613,275
40000000,8614,274
40000000,8615,276
40000000,8616,277
40000000,8617,278
40000000,8618,272
40000000,8660,3084
40000000,8700,298
40000000,8701,291
40000000,8702,288
40000000,8703,291
40000000,8704,298
40000000,8705,291
40000000,8706,294
40000000,8707,291
40000000,8708,291
40000000,8709,291
40000000,8710,290
40000000,8711,292
40000000,8712,288
40000000,8713,298
40000000,8714,289
40000000,8715,292
40000000,8716,298
40000000,8850,310
40000000,8851,311
40000000,8852,312
40000000,8853,313
40000000,8854,314
40000000,8855,315
40000000,8856,316
40000000,8857,317
40000000,8858,318
40000000,8859,319
40000000,8860,320
40000000,8861,321
40000000,8862,322
40000000,8863,323
40000000,8864,324
40000000,8865,325
40000000,8866,310
40000000,8910,3142
40000000,8911,3146
40000000,8912,3142
40000000,8913,3143
40000000,8914,3147
40000000,8915,3144
40000000,8916,3145
40000000,8917,3144
40000000,8918,3142
40000000,8919,3143
40000000,8920,3142
40000000,8921,3142
40000000,8922,3142
40000000,8923,3142
40000000,8924,3142
40000000,8925,3142
40000000,8926,3142
40000000,8927,3142
40000000,8928,3142
40000000,8929,3142
40000000,8930,3142
40000000,8931,3142
40000000,8932,3142
40000000,8933,3142
40000000,8934,3142
40000000,8935,3142
40000000,8936,3142
40000000,8937,3142
40000000,8938,3142
40000000,8939,3142
40000000,8940,3145
40000000,8941,3145
40000000,8942,3142
40000000,8943,3144
40000000,8944,3143
40000000,8945,3142
40000000,8946,3142
40000000,8947,3142
40000000,8948,3142
40000000,8951,3142
40000000,8952,3142
40000000,8953,3142
40000000,8954,3142
40000000,8955,3142
40000000,8956,3142
40000000,8957,3142
40000000,8958,3142
40000000,8959,3142
40000000,8960,3142
40000000,8961,3142
40000000,8962,3142
40000000,8963,3142
40000000,8964,3142
40000000,8965,3142
40000000,8970,3020
40000000,8971,3021
40000000,8972,3022
40000000,8973,3023
40000000,8974,3024
40000000,8975,3231
40000000,8976,3232
40000000,8977,3233
40000000,8978,3234
40000000,8979,637
40000000,8980,3222
40000000,9000,7000
40000000,9001,7001
40000000,9002,7002
40000000,9003,7003
40000000,9004,7004
40000000,9005,7005
40000000,9006,7006
40000000,9007,7007
40000000,9008,7008
40000000,9009,7009
40000000,9010,7010
40000000,9011,7011
40000000,9012,7012
40000000,9013,7013
40000000,9014,7014
40000000,9015,7015
40000000,9016,7016
40000000,9017,7017
40000000,9018,7018
40000000,9019,7019
40000000,9020,7020
40000000,9021,7021
40000000,9022,7022
40000000,9023,7023
40000000,9024,7024
40000000,9026,7026
40000000,9027,7027
40000000,9028,7028
40000000,9029,7029
40000000,9030,7030
40000000,9031,7031
40000000,9032,7032
40000000,9033,7033
40000000,9034,7034
40000000,9035,7035
40000000,9036,7036
40000000,9037,7037
40000000,9039,7039
40000000,9040,7040
40000000,9041,7041
40000000,9042,7042
40000000,9043,7043
40000000,9045,7046
40000000,9046,7047
40000000,9047,7048
40000000,9048,7049
40000000,9049,7050
40000000,9050,7050
40000000,9100,3300
40000000,9101,3301
40000000,9102,3303
40000000,9103,3304
40000000,9104,3305
40000000,9105,3307
40000000,9106,3306
40000000,9107,3308
40000000,9108,3309
40000000,9109,3310
40000000,9110,3311
40000000,9111,3313
40000000,9112,3302
40000000,9113,3314
40000000,9115,3315
40000000,9116,3316
40000000,9117,3317
40000000,9118,3318
40000000,9119,3319
40000000,9120,3320
40000000,9121,3321
40000000,9122,3322
40000000,9123,3323
40000000,9124,3324
40000000,9125,3325
40000000,9126,3326
40000000,9127,3327
40000000,9128,3328
40000000,9129,3329
40000000,9130,3330
40000000,9131,3331
40000000,9132,3332
40000000,9134,3335
40000000,9135,3336
40000000,9136,3337
40000000,9137,3338
40000000,9138,3340
40000000,9140,3342
40000000,9195,3334
40000000,9300,3119
40000000,9301,3119
40000000,9302,3119
40000000,9303,3119
40000000,9304,3119
40000000,9305,3119
40000000,9306,3119
40000000,9307,3119
40000000,9308,3119
40000000,9309,3119
40000000,9310,3119
40000000,9311,3119
40000000,9312,3119
40000000,9313,3122
40000000,9320,3120
40000000,9321,3120
40000000,9322,3119
40000000,9323,3119
40000000,9324,3120
40000000,9325,3120
40000000,9326,3120
40000000,9327,3119
40000000,9328,3120
40000000,9329,3119
40000000,9330,3120
40000000,9331,3120
40000000,9340,3121
40000000,9341,3121
40000000,9342,3121
40000000,9343,3119
40000000,9344,3121
40000000,9345,3121
40000000,9346,3121
40000000,9347,3121
40000000,9348,3121
40000000,9360,3122
40000000,9361,3122
40000000,9363,3122
40000000,9364,3122
40000000,9365,3122
40000000,9380,3119
40000000,9383,3119
40000000,9384,3123
40000000,9385,3123
40000000,9386,3123
40000000,9387,3119
40000000,9388,3119
40000000,9389,3119
40000000,9390,3119
40000000,9391,3119
40000000,9392,3123
40000000,9400,3124
40000000,9401,3124
40000000,9402,3124
40000000,9403,3124
40000000,9420,3125
40000000,9421,3125
40000000,9422,3125
40000000,9423,3122
40000000,9440,3126
40000000,9441,3126
40000000,9500,504
40000000,9501,3010
40000000,9510,443
40000000,10000,382
40000000,10010,383
40000000,10020,384
40000000,10030,553
40000000,10040,554
40000000,10060,3230
40000000,10070,3223
40000000,10080,3202
40000000,10100,2000
40000000,10101,2001
40000000,10102,2002
40000000,10103,2003
40000000,10104,2004
40000000,10105,2005
40000000,10106,2006
40000000,10107,2007
40000000,10140,2008
40000000,10160,2010
40000000,10161,2011
40000000,10162,2012
40000000,10163,2013
40000000,10164,2014
40000000,10165,2015
40000000,10166,2016
40000000,10167,2017
40000000,10168,2018
40000000,10200,2020
40000000,10900,2100
40000000,10901,2101
40000000,10902,2102
40000000,10903,2103
40000000,10904,2104
40000000,10905,2105
40000000,10906,2106
40000000,10907,2107
40000000,10908,2108
40000000,10909,2109
40000000,10910,2110
40000000,10911,2111
40000000,10912,2112
40000000,10913,2113
40000000,10914,2114
40000000,10915,2115
40000000,10916,2116
40000000,10917,2117
40000000,10918,2118
40000000,10919,2119
40000000,11000,400
40000000,11001,401
40000000,11002,402
40000000,11003,403
40000000,11004,404
40000000,11005,405
40000000,11006,406
40000000,11007,407
40000000,11008,408
40000000,11009,409
40000000,11010,410
40000000,11011,411
40000000,11012,412
40000000,11013,413
40000000,11014,414
40000000,11015,415
40000000,11016,416
40000000,11017,417
40000000,11018,418
40000000,11019,419
40000000,11020,420
40000000,11021,421
40000000,11022,422
40000000,11023,423
40000000,11024,424
40000000,11025,425
40000000,11026,426
40000000,11027,427
40000000,11028,428
40000000,11029,429
40000000,11030,430
40000000,11031,431
40000000,15000,506
40000000,15010,507
40000000,15020,508
40000000,15030,509
40000000,15040,510
40000000,15050,511
40000000,15060,512
40000000,15080,514
40000000,15090,515
40000000,15100,516
40000000,15110,517
40000000,15120,518
40000000,15130,519
40000000,15140,520
40000000,15150,521
40000000,15160,522
40000000,15340,540
40000000,15341,1020
40000000,15400,505
40000000,15410,1026
40000000,15420,1029
40000000,15430,1047
40000000,20650,1013
40000000,20651,1014
40000000,20652,1031
40000000,20653,1039
40000000,20654,1033
40000000,20660,1003
40000000,20680,526
40000000,20681,1001
40000000,20682,1006
40000000,20683,1021
40000000,20685,1044
40000000,20690,533
40000000,20691,1042
40000000,20710,1008
40000000,20720,531
40000000,20721,532
40000000,20722,1005
40000000,20723,1028
40000000,20740,1025
40000000,20750,1000
40000000,20751,1007
40000000,20753,1016
40000000,20760,1024
40000000,20761,1009
40000000,20770,1004
40000000,20775,542
40000000,20780,541
40000000,20795,1038
40000000,20800,1043
40000000,20801,1015
40000000,20802,1034
40000000,20810,1018
40000000,20811,1019
40000000,20812,1045
40000000,20820,1030
40000000,20825,1037
40000000,20830,538
40000000,20831,539
40000000,20840,1022
40000000,20841,1023
40000000,20842,1032
40000000,20845,1046
40000000,20850,1002
40000000,20852,1017
40000000,20855,1027
40000000,50200,15
40000000,50201,16
40000000,50202,15
40000000,50203,16
40000000,51760,523
40000000,53090,224
40000000,53230,677
40000000,53400,622
40000000,53630,32
40000000,53650,25
40000000,53651,28
40000000,53652,30
40000000,53653,31
40000000,53654,560
40000000,53655,561
40000000,53656,565
40000000,53657,26
40000000,53658,585
40000000,200000,113
40000000,200001,113
40000000,200002,113
40000000,200003,113
40000000,200004,113
40000000,200005,113
40000000,200006,113
40000000,200007,113
40000000,200008,113
40000000,200009,113
40000000,200010,113
40000000,201000,471
40000000,201001,471
40000000,201002,471
40000000,201003,471
40000000,201004,471
40000000,201005,471
40000000,201006,471
40000000,201007,471
40000000,201008,471
40000000,201009,471
40000000,201010,471
40000000,202000,472
40000000,202001,472
40000000,202002,472
40000000,202003,472
40000000,202004,472
40000000,202005,472
40000000,202006,472
40000000,202007,472
40000000,202008,472
40000000,202009,472
40000000,202010,472
40000000,203000,476
40000000,203001,476
40000000,203002,476
40000000,203003,476
40000000,203004,476
40000000,203005,476
40000000,203006,476
40000000,203007,476
40000000,203008,476
40000000,203009,476
40000000,203010,476
40000000,204000,115
40000000,204001,115
40000000,204002,115
40000000,204003,115
40000000,204004,115
40000000,204005,115
40000000,204006,115
40000000,204007,115
40000000,204008,115
40000000,204009,115
40000000,204010,115
40000000,205000,116
40000000,205001,116
40000000,205002,116
40000000,205003,116
40000000,205004,116
40000000,205005,116
40000000,205006,116
40000000,205007,116
40000000,205008,116
40000000,205009,116
40000000,205010,116
40000000,206000,478
40000000,206001,478
40000000,206002,478
40000000,206003,478
40000000,206004,478
40000000,206005,478
40000000,206006,478
40000000,206007,478
40000000,206008,478
40000000,206009,478
40000000,206010,478
40000000,207000,117
40000000,207001,117
40000000,207002,117
40000000,207003,117
40000000,207004,117
40000000,207005,117
40000000,207006,117
40000000,207007,117
40000000,207008,117
40000000,207009,117
40000000,207010,117
40000000,208000,118
40000000,208001,118
40000000,208002,118
40000000,208003,118
40000000,208004,118
40000000,208005,118
40000000,208006,118
40000000,208007,118
40000000,208008,118
40000000,208009,118
40000000,208010,118
40000000,209000,119
40000000,209001,119
40000000,209002,119
40000000,209003,119
40000000,209004,119
40000000,209005,119
40000000,209006,119
40000000,209007,119
40000000,209008,119
40000000,209009,119
40000000,209010,119
40000000,210000,120
40000000,210001,120
40000000,210002,120
40000000,210003,120
40000000,210004,120
40000000,210005,120
40000000,210006,120
40000000,210007,120
40000000,210008,120
40000000,210009,120
40000000,210010,120
40000000,211000,121
40000000,211001,121
40000000,211002,121
40000000,211003,121
40000000,211004,121
40000000,211005,121
40000000,211006,121
40000000,211007,121
40000000,211008,121
40000000,211009,121
40000000,211010,121
40000000,212000,102
40000000,212001,102
40000000,212002,102
40000000,212003,102
40000000,212004,102
40000000,212005,102
40000000,212006,102
40000000,212007,102
40000000,212008,102
40000000,212009,102
40000000,212010,102
40000000,213000,103
40000000,213001,103
40000000,213002,103
40000000,213003,103
40000000,213004,103
40000000,213005,103
40000000,213006,103
40000000,213007,103
40000000,213008,103
40000000,213009,103
40000000,213010,103
40000000,214000,122
40000000,214001,122
40000000,214002,122
40000000,214003,122
40000000,214004,122
40000000,214005,122
40000000,214006,122
40000000,214007,122
40000000,214008,122
40000000,214009,122
40000000,214010,122
40000000,215000,123
40000000,215001,123
40000000,215002,123
40000000,215003,123
40000000,215004,123
40000000,215005,123
40000000,215006,123
40000000,215007,123
40000000,215008,123
40000000,215009,123
40000000,215010,123
40000000,216000,124
40000000,216001,124
40000000,216002,124
40000000,216003,124
40000000,216004,124
40000000,216005,124
40000000,216006,124
40000000,216007,124
40000000,216008,124
40000000,216009,124
40000000,216010,124
40000000,217000,125
40000000,217001,125
40000000,217002,125
40000000,217003,125
40000000,217004,125
40000000,217005,125
40000000,217006,125
40000000,217007,125
40000000,217008,125
40000000,217009,125
40000000,217010,125
40000000,218000,126
40000000,218001,126
40000000,218002,126
40000000,218003,126
40000000,218004,126
40000000,218005,126
40000000,218006,126
40000000,218007,126
40000000,218008,126
40000000,218009,126
40000000,218010,126
40000000,219000,127
40000000,219001,127
40000000,219002,127
40000000,219003,127
40000000,219004,127
40000000,219005,127
40000000,219006,127
40000000,219007,127
40000000,219008,127
40000000,219009,127
40000000,219010,127
40000000,220000,128
40000000,220001,128
40000000,220002,128
40000000,220003,128
40000000,220004,128
40000000,220005,128
40000000,220006,128
40000000,220007,128
40000000,220008,128
40000000,220009,128
40000000,220010,128
40000000,221000,129
40000000,221001,129
40000000,221002,129
40000000,221003,129
40000000,221004,129
40000000,221005,129
40000000,221006,129
40000000,221007,129
40000000,221008,129
40000000,221009,129
40000000,221010,129
40000000,222000,130
40000000,222001,130
40000000,222002,130
40000000,222003,130
40000000,222004,130
40000000,222005,130
40000000,222006,130
40000000,222007,130
40000000,222008,130
40000000,222009,130
40000000,222010,130
40000000,223000,131
40000000,223001,131
40000000,223002,131
40000000,223003,131
40000000,223004,131
40000000,223005,131
40000000,223006,131
40000000,223007,131
40000000,223008,131
40000000,223009,131
40000000,223010,131
40000000,224000,132
40000000,224001,132
40000000,224002,132
40000000,224003,132
40000000,224004,132
40000000,224005,132
40000000,224006,132
40000000,224007,132
40000000,224008,132
40000000,224009,132
40000000,224010,132
40000000,225000,133
40000000,225001,133
40000000,225002,133
40000000,225003,133
40000000,225004,133
40000000,225005,133
40000000,225006,133
40000000,225007,133
40000000,225008,133
40000000,225009,133
40000000,225010,133
40000000,226000,134
40000000,226001,134
40000000,226002,134
40000000,226003,134
40000000,226004,134
40000000,226005,134
40000000,226006,134
40000000,226007,134
40000000,226008,134
40000000,226009,134
40000000,226010,134
40000000,227000,135
40000000,227001,135
40000000,227002,135
40000000,227003,135
40000000,227004,135
40000000,227005,135
40000000,227006,135
40000000,227007,135
40000000,227008,135
40000000,227009,135
40000000,227010,135
40000000,228000,136
40000000,228001,136
40000000,228002,136
40000000,228003,136
40000000,228004,136
40000000,228005,136
40000000,228006,136
40000000,228007,136
40000000,228008,136
40000000,228009,136
40000000,228010,136
40000000,229000,137
40000000,229001,137
40000000,229002,137
40000000,229003,137
40000000,229004,137
40000000,229005,137
40000000,229006,137
40000000,229007,137
40000000,229008,137
40000000,229009,137
40000000,229010,137
40000000,230000,451
40000000,230001,451
40000000,230002,451
40000000,230003,451
40000000,230004,451
40000000,230005,451
40000000,230006,451
40000000,230007,451
40000000,230008,451
40000000,230009,451
40000000,230010,451
40000000,231000,452
40000000,231001,452
40000000,231002,452
40000000,231003,452
40000000,231004,452
40000000,231005,452
40000000,231006,452
40000000,231007,452
40000000,231008,452
40000000,231009,452
40000000,231010,452
40000000,232000,104
40000000,232001,104
40000000,232002,104
40000000,232003,104
40000000,232004,104
40000000,232005,104
40000000,232006,104
40000000,232007,104
40000000,232008,104
40000000,232009,104
40000000,232010,104
40000000,233000,453
40000000,233001,453
40000000,233002,453
40000000,233003,453
40000000,233004,453
40000000,233005,479
40000000,233006,479
40000000,233007,479
40000000,233008,479
40000000,233009,479
40000000,233010,480
40000000,234000,454
40000000,234001,454
40000000,234002,454
40000000,234003,454
40000000,234004,454
40000000,234005,454
40000000,234006,454
40000000,234007,454
40000000,234008,454
40000000,234009,454
40000000,234010,454
40000000,235000,455
40000000,235001,455
40000000,235002,455
40000000,235003,455
40000000,235004,455
40000000,235005,455
40000000,235006,455
40000000,235007,455
40000000,235008,455
40000000,235009,455
40000000,235010,455
40000000,236000,111
40000000,236001,111
40000000,236002,111
40000000,236003,111
40000000,236004,111
40000000,236005,111
40000000,236006,111
40000000,236007,111
40000000,236008,111
40000000,236009,111
40000000,236010,111
40000000,237000,456
40000000,237001,456
40000000,237002,456
40000000,237003,456
40000000,237004,456
40000000,237005,456
40000000,237006,456
40000000,237007,456
40000000,237008,456
40000000,237009,456
40000000,237010,456
40000000,238000,470
40000000,238001,470
40000000,238002,470
40000000,238003,470
40000000,238004,470
40000000,238005,470
40000000,238006,470
40000000,238007,470
40000000,238008,470
40000000,238009,470
40000000,238010,470
40000000,239000,112
40000000,239001,112
40000000,239002,112
40000000,239003,112
40000000,239004,112
40000000,239005,112
40000000,239006,112
40000000,239007,112
40000000,239008,112
40000000,239009,112
40000000,239010,112
40000000,240000,106
40000000,240001,106
40000000,240002,106
40000000,240003,106
40000000,240004,106
40000000,240005,106
40000000,240006,106
40000000,240007,106
40000000,240008,106
40000000,240009,106
40000000,240010,106
40000000,241000,107
40000000,241001,107
40000000,241002,107
40000000,241003,107
40000000,241004,107
40000000,241005,107
40000000,241006,107
40000000,241007,107
40000000,241008,107
40000000,241009,107
40000000,241010,107
40000000,242000,462
40000000,242001,462
40000000,242002,462
40000000,242003,462
40000000,242004,462
40000000,242005,462
40000000,242006,462
40000000,242007,462
40000000,242008,462
40000000,242009,462
40000000,242010,462
40000000,243000,463
40000000,243001,463
40000000,243002,463
40000000,243003,463
40000000,243004,463
40000000,243005,463
40000000,243006,463
40000000,243007,463
40000000,243008,463
40000000,243009,463
40000000,243010,463
40000000,244000,477
40000000,244001,477
40000000,244002,477
40000000,244003,477
40000000,244004,477
40000000,244005,477
40000000,244006,477
40000000,244007,477
40000000,244008,477
40000000,244009,477
40000000,244010,477
40000000,245000,464
40000000,245001,464
40000000,245002,464
40000000,245003,464
40000000,245004,464
40000000,245005,464
40000000,245006,464
40000000,245007,464
40000000,245008,464
40000000,245009,464
40000000,245010,464
40000000,246000,465
40000000,246001,465
40000000,246002,465
40000000,246003,465
40000000,246004,465
40000000,246005,465
40000000,246006,465
40000000,246007,465
40000000,246008,465
40000000,246009,465
40000000,246010,465
40000000,247000,466
40000000,247001,466
40000000,247002,466
40000000,247003,466
40000000,247004,466
40000000,247005,466
40000000,247006,466
40000000,247007,466
40000000,247008,466
40000000,247009,466
40000000,247010,466
40000000,248000,467
40000000,248001,467
40000000,248002,467
40000000,248003,467
40000000,248004,467
40000000,248005,467
40000000,248006,467
40000000,248007,467
40000000,248008,467
40000000,248009,467
40000000,248010,467
40000000,249000,468
40000000,249001,468
40000000,249002,468
40000000,249003,468
40000000,249004,468
40000000,249005,468
40000000,249006,468
40000000,249007,468
40000000,249008,468
40000000,249009,468
40000000,249010,468
40000000,250000,457
40000000,250001,457
40000000,250002,457
40000000,250003,457
40000000,250004,457
40000000,250005,457
40000000,250006,457
40000000,250007,457
40000000,250008,457
40000000,250009,457
40000000,250010,457
40000000,251000,458
40000000,251001,458
40000000,251002,458
40000000,251003,458
40000000,251004,458
40000000,251005,458
40000000,251006,458
40000000,251007,458
40000000,251008,458
40000000,251009,458
40000000,251010,458
40000000,252000,460
40000000,252001,460
40000000,252002,460
40000000,252003,460
40000000,252004,460
40000000,252005,460
40000000,252006,460
40000000,252007,460
40000000,252008,460
40000000,252009,460
40000000,252010,460
40000000,253000,459
40000000,253001,459
40000000,253002,459
40000000,253003,459
40000000,253004,459
40000000,253005,459
40000000,253006,459
40000000,253007,459
40000000,253008,459
40000000,253009,459
40000000,253010,459
40000000,254000,461
40000000,254001,461
40000000,254002,461
40000000,254003,461
40000000,254004,461
40000000,254005,461
40000000,254006,461
40000000,254007,461
40000000,254008,461
40000000,254009,461
40000000,254010,461
40000000,255000,469
40000000,255001,469
40000000,255002,469
40000000,255003,469
40000000,255004,469
40000000,255005,469
40000000,255006,469
40000000,255007,469
40000000,255008,469
40000000,255009,469
40000000,255010,469
40000000,256000,474
40000000,256001,474
40000000,256002,474
40000000,256003,474
40000000,256004,474
40000000,256005,474
40000000,256006,474
40000000,256007,474
40000000,256008,474
40000000,256009,474
40000000,256010,474
40000000,257000,473
40000000,257001,473
40000000,257002,473
40000000,257003,473
40000000,257004,473
40000000,257005,473
40000000,257006,473
40000000,257007,473
40000000,257008,473
40000000,257009,473
40000000,257010,473
40000000,258000,475
40000000,258001,475
40000000,258002,475
40000000,258003,475
40000000,258004,475
40000000,258005,475
40000000,258006,475
40000000,258007,475
40000000,258008,475
40000000,258009,475
40000000,258010,475
40000000,259000,481
40000000,259001,481
40000000,259002,481
40000000,259003,481
40000000,259004,481
40000000,259005,481
40000000,259006,481
40000000,259007,481
40000000,259008,481
40000000,259009,481
40000000,259010,481
40000000,260000,482
40000000,260001,482
40000000,260002,482
40000000,260003,482
40000000,260004,482
40000000,260005,482
40000000,260006,482
40000000,260007,482
40000000,260008,482
40000000,260009,482
40000000,260010,482
40000000,261000,483
40000000,261001,483
40000000,261002,483
40000000,261003,483
40000000,261004,483
40000000,261005,483
40000000,261006,483
40000000,261007,483
40000000,261008,483
40000000,261009,483
40000000,261010,483
40000000,262000,484
40000000,262001,484
40000000,262002,484
40000000,262003,484
40000000,262004,484
40000000,262005,484
40000000,262006,484
40000000,262007,484
40000000,262008,484
40000000,262009,484
40000000,262010,484
40000000,263000,485
40000000,263001,485
40000000,263002,485
40000000,263003,485
40000000,263004,485
40000000,263005,485
40000000,263006,485
40000000,263007,485
40000000,263008,485
40000000,263009,485
40000000,263010,485
